Price,Close,High,Low,Open,Volume
Ticker,SPY,SPY,SPY,SPY,SPY
Date,,,,,
2010-01-04,85.0279312133789,85.0729454920576,83.66244276054559,84.3076741340476,118944600
2010-01-05,85.25302124023438,85.29053696087703,84.66781263241886,84.9754255142218,111579900
2010-01-06,85.31306457519531,85.52313892337453,85.1029902270161,85.17051167146083,116074400
2010-01-07,85.67317199707031,85.77820914158733,84.9153991195447,85.15548483902573,131091100
2010-01-08,85.95828247070312,85.99579819435543,85.27554094817823,85.44809953914897,126402800
2010-01-11,86.07835388183594,86.37845686418345,85.71071799749453,86.34094685343875,106375700
2010-01-12,85.27552795410156,85.68817223092032,84.94540795337065,85.5081093778375,163333500
2010-01-13,85.99578094482422,86.23586664539218,85.05794528259085,85.49309667955522,161822000
2010-01-14,86.22838592529297,86.38594167271995,85.84574726777245,85.89826585024811,115718800
2010-01-15,85.26051330566406,86.16083323105892,84.93039332844185,86.07830896084785,212283100
2010-01-19,86.32592010498047,86.37843868824996,85.22302413222486,85.24553700285145,139172700
2010-01-20,85.44808959960938,85.86823817998271,84.7653481565027,85.7406938929544,216490200
2010-01-21,83.80504608154297,85.73323720722486,83.70000887812826,85.47064419868808,344859600
2010-01-22,81.93685913085938,83.83503837560188,81.84682480960274,83.42989251609248,345942400
2010-01-25,82.35700988769531,82.83718722218961,82.08691836543186,82.6871300163798,186937500
2010-01-26,82.01187133789062,82.88218579414519,81.80930130360848,82.03437848346685,211168800
2010-01-27,82.40203094482422,82.58959816136579,81.27662764557482,81.90685074558783,271863600
2010-01-28,81.45665740966797,82.71710882066088,80.96148313611442,82.67209453872734,316104000
2010-01-29,80.57135009765625,82.37950029693044,80.4438058005718,81.80929451854124,310677600
2010-02-01,81.82429504394531,81.83179933300008,80.65387781159914,81.14155356644184,187865000
2010-02-02,82.81466674804688,82.9722225066149,81.68926356619254,81.97436936901745,216327900
2010-02-03,82.40203094482422,82.88970685265173,82.1619451366149,82.43954095367422,172730700
2010-02-04,79.85858917236328,81.80178203934382,79.84358059532919,81.76427204494857,356715700
2010-02-05,80.02366638183594,80.18872069603596,78.4631060322486,79.94863492872223,493585800
2010-02-08,79.44597625732422,80.52636534439445,79.38595336935417,80.08370370073743,224166900
2010-02-09,80.4438247680664,81.14157500805953,79.73106594599774,80.37629759692028,337820500
2010-02-10,80.28621673583984,80.72887230925939,79.61097408443506,80.31622815635708,240511500
2010-02-11,81.12654113769531,81.21657542979288,79.7160382394041,80.18120682909885,223591600
2010-02-12,81.05902099609375,81.10403528080825,79.91111094311263,80.27123666901896,304622100
2010-02-16,82.33448791503906,82.41701793235218,80.89397334318562,81.67425350063026,159317500
2010-02-17,82.72461700439453,82.83715843862265,82.33447412894972,82.73211556900665,168845100
2010-02-18,83.21231842041016,83.38487704527164,82.55958247969404,82.58959391969101,193708600
2010-02-19,83.3848648071289,83.7074805846259,82.7996561233195,82.99472759262132,222684900
2010-02-22,83.39990234375,83.71501394073292,83.15231220722141,83.69250678724813,132346900
2010-02-23,82.38700866699219,83.42988175968098,82.16943004507993,83.17479313515393,207497000
2010-02-24,83.1447525024414,83.27980105744427,82.42449545045751,82.63456970844103,176350700
2010-02-25,83.03223419189453,83.09225706061973,81.73427256926293,81.95934974083872,259634700
2010-02-26,83.08475494384766,83.36986071570058,82.612087719491,83.10726208918426,173589300
2010-03-01,83.94758605957031,84.03011609580648,83.40739154024169,83.42989869119748,147709700
2010-03-02,84.18013763427734,84.58528337962613,84.03008619856092,84.30768765114121,160992400
2010-03-03,84.25517272949219,84.75785135744302,84.04509269664672,84.39771988237496,150785000
2010-03-04,84.51026916503906,84.63031490922873,84.05260478248415,84.36771627483785,135770400
2010-03-05,85.71822357177734,85.78574502658653,84.85541317437539,85.05798898699807,176118800
2010-03-08,85.73321533203125,85.92078253657013,85.58316385803887,85.72571676519941,114631200
2010-03-09,85.87577056884766,86.2734121374019,85.4331147016939,85.4781290002934,154556700
2010-03-10,86.25839233398438,86.49097379652108,85.83824369866754,85.91326942296043,186088800
2010-03-11,86.6185302734375,86.64104314557555,85.7932357420387,86.05582867601605,160791100
2010-03-12,86.62602996826172,87.00866863695472,86.38594419506336,86.99366005632564,162074800
2010-03-15,86.64854431152344,86.7085671908322,85.98080552047985,86.47598568863181,146816800
2010-03-16,87.33879089355469,87.4213151926815,86.64853926986012,86.88862504902886,168673000
2010-03-17,87.85646057128906,88.14156633080017,87.34627764405919,87.60137196972198,177468100
2010-03-18,87.81143951416016,87.98399809036769,87.45881234874223,87.8639580883227,196509100
2010-03-19,87.36697387695312,88.36140672718497,87.0279591510321,87.36697387695312,226641100
2010-03-22,87.83406829833984,87.99227864766915,86.81703543185823,86.86977029907817,184477800
2010-03-23,88.45182800292969,88.52716270659744,87.67586388691042,87.96214380758512,182941600
2010-03-24,88.02236938476562,88.46685371183342,87.07314219048574,88.12030962933437,196072600
2010-03-25,87.87922668457031,89.02432850890406,87.77375700657903,88.61751443050925,223396300
2010-03-26,87.82653045654297,88.45934880269506,87.47998625541175,88.04500509919136,205808500
2010-03-29,88.38401794433594,88.54222253774375,87.90940416411247,88.27101302113917,134513500
2010-03-30,88.44426727294922,88.76821157809502,88.07512330818655,88.48946693256609,145772500
2010-03-31,88.1429214477539,88.53466523632568,87.84911216940814,88.1052512335382,161078700
2010-04-01,88.7456283569336,89.08463736284091,88.21827398948247,88.7456283569336,161215200
2010-04-05,89.46885681152344,89.52912112312117,88.83603268455906,89.08464236828326,105847600
2010-04-06,89.67974853515625,89.83795304576849,89.11472996254136,89.21266444596813,110384200
2010-04-07,89.16748809814453,89.92084639181073,88.75313873756106,89.4989675866113,184576300
2010-04-08,89.47637176513672,89.62704688889826,88.59494384488771,88.85861812688508,158704000
2010-04-09,90.06399536132812,90.1016598311974,89.49897658427506,89.66471059750265,133006500
2010-04-12,90.20712280273438,90.44066778821332,90.07151807646743,90.17698778048974,110279000
2010-04-13,90.27493286132812,90.43313742581138,89.64964404860758,90.11672829684487,125043600
2010-04-14,91.29949951171875,91.29949951171875,90.46327129040324,90.60640546729114,161609000
2010-04-15,91.37484741210938,91.58578685922544,91.11870254941924,91.14883757724566,144615300
2010-04-16,89.92085266113281,91.37483449918754,89.46130361014305,91.05089018041882,366786700
2010-04-19,90.25984191894531,90.3502469699181,89.25034471424983,89.65715882212716,217947800
2010-04-20,91.06597137451172,91.1413118209624,90.30508344484778,90.82489688980915,157708000
2010-04-21,90.90023040771484,91.32964448047538,90.39547589424616,91.11869929322873,192910100
2010-04-22,91.1714096069336,91.2844144899027,89.74003358154866,90.25984684693915,115360300
2010-04-23,91.76658630371094,91.80425652336902,90.87762314786463,91.11116816394133,177335500
2010-04-26,91.42003631591797,92.00012547485441,91.3296369907515,91.79671549789346,143457300
2010-04-27,89.25789642333984,91.41249593408338,89.08462148049273,90.89268260087773,355853300
2010-04-28,89.93589782714844,90.1619075811397,89.09966978411425,89.6872939949582,300674100
2010-04-29,91.05087280273438,91.23921235333616,90.45571913311275,90.47831895955825,193775000
2010-04-30,89.50650024414062,91.16389199830037,89.48390041414623,91.06595173810082,270000900
2010-05-03,90.6666488647461,90.91525842453261,89.80028587461108,89.93589056652496,182747900
2010-05-04,88.53466033935547,89.67223292326987,88.08264653210713,89.65716828701747,360353400
2010-05-05,88.00733947753906,88.74563333431095,87.36698590398328,87.81146465877603,328973200
2010-05-06,85.08428955078125,88.14292245660285,79.10262271746409,87.5854389153696,647356600
2010-05-07,83.81867980957031,85.70960576546469,82.42496754304811,84.8583126129267,637558800
2010-05-10,87.51009368896484,87.87923760781831,86.56839591294379,87.24641371354528,396159600
2010-05-11,87.26150512695312,88.41414256296542,86.56841677620525,86.68895113179822,317849800
2010-05-12,88.48194122314453,88.61001651856517,87.45737334578992,87.60804847344113,235607100
2010-05-13,87.38201904296875,88.65519628443288,87.30668436988616,88.24084696097795,234452500
2010-05-14,85.79995727539062,86.88479482575717,85.03153450899192,86.72659030760646,345601400
2010-05-17,85.84516906738281,86.2745830338682,84.20284787583628,86.0335086272039,325739800
2010-05-18,84.6775131225586,86.80198427845187,84.39876835384194,86.54583934953136,360556800
2010-05-19,84.19532012939453,84.95620782809308,83.14061742359705,84.20284957361878,394742700
2010-05-20,81.01616668701172,82.78655785748575,80.96343182653526,82.40234344677512,530418300
2010-05-21,82.19893646240234,82.40234070384977,79.37384242876924,79.7881918527695,500909400
2010-05-24,81.14423370361328,82.40987606313473,81.0688990120985,81.75445217685215,269823000
2010-05-25,81.22708129882812,81.2647515080826,78.63552723866162,79.18548125637535,396505200
2010-05-26,80.73741149902344,82.47013797109116,80.49633706138226,81.72431482771188,349719300
2010-05-27,83.44197082519531,83.47210584832675,81.9503187923628,82.25919846870909,300870500
2010-05-28,82.39480590820312,83.41183854474161,82.00305634228118,83.35156849649698,297933500
2010-06-01,81.00862884521484,82.83175481656875,80.88809448849541,81.6263825110318,277909400
2010-06-02,83.1180419921875,83.12557143862178,80.9935713209074,81.4229854220916,240243700
2010-06-03,83.40431213378906,83.66798643803753,82.55301916645298,83.3591124666804,226618300
2010-06-04,80.47370910644531,82.3646394785164,80.20249974042453,81.82222074647481,398475600
2010-06-07,79.4718017578125,81.06892415248693,79.41153743451314,80.7600443495201,264609100
2010-06-08,80.32305908203125,80.48126362559482,78.83894240255309,79.53203061654605,357774300
2010-06-09,79.89363861083984,81.57362416136142,79.55462397562681,80.79013095146937,268023300
2010-06-10,82.22905731201172,82.32699181913287,79.88611260423399,81.25722444226783,317890600
2010-06-11,82.62835693359375,82.68109179640452,81.45311956371442,81.50585442652519,214128200
2010-06-14,82.50029754638672,83.7132052882625,82.41742764494155,83.2611855539545,207196100
2010-06-15,84.37615203857422,84.45148673907481,82.93723454403516,83.08037449835476,238268700
2010-06-16,84.34598541259766,84.69252950321939,83.7734315574688,83.93917128508507,216374000
2010-06-17,84.48159790039062,84.62473781426918,83.66044012589651,84.58706760082715,263185800
2010-06-18,84.57320404052734,84.87597647770583,84.30070422705546,84.64889714982196,174006600
2010-06-21,84.33097839355469,85.68590057446845,83.86167189945809,85.62534955507999,213140700
2010-06-22,82.9382095336914,84.7018873708378,82.81710170743584,84.33098707322378,239355400
2010-06-23,82.6808090209961,83.28635938903874,82.11310230251223,82.99115235742804,254639900
2010-06-24,81.31078338623047,82.37807536442668,81.09884035439379,82.27210384850834,268523600
2010-06-25,81.6513900756836,82.06770498833569,80.8187487003534,81.55298385404657,238726500
2010-06-28,81.39401245117188,81.99199761889095,81.09880538767932,81.77248363770202,169218600
2010-06-29,78.88098907470703,81.37890200973357,78.38140995271003,80.25105335739595,373649500
2010-06-30,78.13160705566406,79.38812862326915,77.87424359843556,78.66146450435059,284101700
2010-07-01,77.78341674804688,78.33598156625492,76.5495967162696,78.07862387558558,382924800
2010-07-02,77.35953521728516,78.28300615873647,76.92051287668887,78.04835578919243,233385200
2010-07-06,77.86670684814453,79.00212103258808,77.11732932840086,78.4495502551522,256935300
2010-07-07,80.3191909790039,80.41759145175826,77.98023501494141,78.0634991745853,253769400
2010-07-08,81.11396026611328,81.20478966920255,80.16778215051386,80.99284669531036,210842100
2010-07-09,81.71951293945312,81.72708398158021,80.93986307574284,81.09124926820604,144999900
2010-07-12,81.77252197265625,81.93147925251664,81.10641445109634,81.4470363686522,131283600
2010-07-13,83.00634002685547,83.33181984687201,82.45376930970427,82.62029762925708,213025900
2010-07-14,82.99874114990234,83.32422663578481,82.40075591886188,82.74137771280307,184426800
2010-07-15,83.0214614868164,83.309097585029,81.87847658665906,82.9684757378032,232337900
2010-07-16,80.73551177978516,82.66571221473737,80.57654872954028,82.5748770110281,282693400
2010-07-19,81.21234893798828,81.46970657611666,80.40242081944886,81.03068438313224,186709000
2010-07-20,82.11311340332031,82.17366440580246,80.09964386422601,80.13749329391298,258162400
2010-07-21,81.04584503173828,82.5597302519258,80.71278843529261,82.53702289762519,264527000
2010-07-22,82.85496520996094,83.21830032572963,81.9996218525483,82.00718712317783,274781300
2010-07-23,83.57403564453125,83.69514345811321,82.4537580500759,82.68840840921291,222020800
2010-07-26,84.44451141357422,84.52777555842555,83.48319688894549,83.71784723806459,184445700
2010-07-27,84.43695068359375,84.99708659950296,84.10389408628966,84.90625140705262,204855600
2010-07-28,83.8919677734375,84.52023165246257,83.61189687224181,84.26286811014478,163056200
2010-07-29,83.48319244384766,84.64131359237065,82.81708509551771,84.41422852304672,220149100
2010-07-30,83.46804809570312,83.91464717992564,82.49159733912428,82.63541248911709,220070600
2010-08-02,85.35284423828125,85.4890941293725,84.42937339588643,84.76999523610787,188263200
2010-08-03,84.944091796875,85.36040672413299,84.664020981255,85.14089847204077,146657300
2010-08-04,85.51184844970703,85.61782000375952,84.89872649054388,85.17879169410405,158171700
2010-08-05,85.42098236083984,85.46640284975443,84.83813902406864,84.96681789679528,140473800
2010-08-06,85.0727767944336,85.2090266909396,83.96007026880352,84.58076295843895,239728300
2010-08-09,85.52694702148438,85.67076797065987,85.01979684020048,85.47396126784298,120800400
2010-08-10,85.06524658203125,85.51941697172423,84.30073836108197,84.80031770472128,242916300
2010-08-11,82.73382568359375,83.78597539990271,82.59757578921493,83.75569700392813,273406900
2010-08-12,82.22666931152344,82.52187645186339,81.44701938831724,81.4848688268279,239542600
2010-08-13,81.98445129394531,82.47646513976393,81.88605083478708,81.96931498292625,158698500
2010-08-16,81.94658660888672,82.2115152963668,81.12908742322338,81.42429449998866,147895300
2010-08-17,82.9533462524414,83.55890271172683,82.41591763795742,82.65057379781308,172270300
2010-08-18,83.10476684570312,83.55136041243371,82.43865913133644,82.91553110894955,182922100
2010-08-19,81.65899658203125,82.8776750922738,81.31837459283975,82.67330305376208,265847600
2010-08-20,81.39401245117188,81.70436159613236,80.80359832418677,81.41671979836177,209714200
2010-08-23,81.08369445800781,82.18125893244547,81.04584501750425,81.78008027316845,163490300
2010-08-24,79.8801498413086,80.53112092453745,79.45626384293206,80.19806434009098,280677800
2010-08-25,80.19049072265625,80.49326310424921,78.94153443603975,79.44111348567854,272234800
2010-08-26,79.65306091308594,80.67493212149977,79.38812642107877,80.56896063470205,224439500
2010-08-27,80.88687133789062,80.97013547008018,78.95666576442386,80.15263623131689,272649000
2010-08-30,79.71361541748047,80.92472807684885,79.70605015024395,80.67493565772814,167238600
2010-08-31,79.71361541748047,80.22077129797157,79.0929227783101,79.41840829488805,273933100
2010-09-01,82.09797668457031,82.21151920603637,80.73548375201533,80.78846949203115,256828100
2010-09-02,82.86251831054688,82.8776546235437,82.12071192338344,82.29481128542668,156112200
2010-09-03,83.9373779296875,84.01307104683868,83.22584992343421,83.67244913215106,212197300
2010-09-07,82.99119567871094,83.64973789491441,82.92307360893872,83.54376638081469,141973700
2010-09-08,83.57403564453125,83.90708646314195,83.11986546231107,83.15771490250067,149924400
2010-09-09,83.96006774902344,84.53534571422969,83.73298844500421,84.51263836132912,147017900
2010-09-10,84.38396453857422,84.48236499867657,83.92222908537724,84.1114647375067,127819000
2010-09-13,85.32257843017578,85.49667200974498,84.87597925320952,85.21660691869516,178503500
2010-09-14,85.26956939697266,85.75401211007026,84.83811242515094,85.15602687280638,209823600
2010-09-15,85.59503936767578,85.69343979077291,84.76240396643615,85.01976158454173,168608400
2010-09-16,85.5723648071289,85.6253505590987,85.04250151241706,85.33014340169356,199962900
2010-09-17,85.60430908203125,86.10656847006064,85.36840253634287,86.02285857205574,195836900
2010-09-20,86.9132308959961,87.10347962989135,85.62714759696638,85.90110623825,214555200
2010-09-21,86.73820495605469,87.39265525651155,86.38053640885101,86.98172310220369,268389100
2010-09-22,86.31202697753906,87.0882449082669,86.06850887898177,86.60120871115232,191322400
2010-09-23,85.61192321777344,86.50228582581505,85.36840509063563,85.60431164338253,202354300
2010-09-24,87.37741088867188,87.43829185786271,86.48704848648894,86.56314679501308,209671800
2010-09-27,86.95889282226562,87.50681013059103,86.87518871687284,87.40788287444984,128761800
2010-09-28,87.2633056640625,87.54487593777925,86.12942460449052,87.07305689137242,209207500
2010-09-29,87.11109924316406,87.44593890361514,86.76864800699425,87.04260667355766,179665800
2010-09-30,86.85233306884766,88.11558720383987,86.44139518659462,87.55245268635066,287106700
2010-10-01,87.2176284790039,87.60573751490273,86.7001516997823,87.50680445924255,174638700
2010-10-04,86.56317901611328,87.40027233332466,86.1294121095445,87.03499799407251,166153200
2010-10-05,88.30587005615234,88.51894775026982,87.26330470315555,87.36223777966133,229634100
2010-10-06,88.2982406616211,88.52654146263824,87.94057211612848,88.29062908667237,148626600
2010-10-07,88.19170379638672,88.67874009718064,87.65900965674672,88.65591117775759,164860000
2010-10-08,88.68637084960938,88.92988905266407,87.97864516480477,88.31348487122946,177760100
2010-10-11,88.77007293701172,89.01359111856155,88.46567375859158,88.8233423577904,103098300
2010-10-12,89.04402923583984,89.30276475672261,88.00907554044625,88.4808887387457,182210000
2010-10-13,89.73653411865234,90.21596471176026,89.32559609853045,89.53867958765143,194347200
2010-10-14,89.38646697998047,89.8050165288314,88.82333233728801,89.65281405382618,217764300
2010-10-15,89.56910705566406,90.06375495513169,88.85377572064398,90.01048553863092,243705000
2010-10-18,90.01045989990234,90.30724739385927,89.2722940487015,89.59952202997827,141204800
2010-10-19,88.83097839355469,89.68328936069781,88.2906666549697,89.18103551305033,280604700
2010-10-20,89.6985092163086,90.13227626210572,88.93751399168679,88.990783425173,200051800
2010-10-21,89.89635467529297,90.62690932011003,89.19624053308482,90.10182661642003,221585500
2010-10-22,90.06375885009766,90.20073818501366,89.79741175607519,90.03331835279063,108212400
2010-10-25,90.33010864257812,91.13676733048382,90.2616218760398,90.66494831702695,151145700
2010-10-26,90.34529113769531,90.43660678531946,89.69844680799972,89.87347233656514,158982900
2010-10-27,90.08658599853516,90.18551906431861,89.23427531443825,89.71370007424275,190024000
2010-10-28,90.10181427001953,90.6421200539435,89.6680473276619,90.60406797941349,168576000
2010-10-29,90.17028045654297,90.34531183112779,89.85066400479339,90.01047223066817,144305500
2010-11-01,90.20074462890625,91.12915954233674,89.68326774958098,90.61168266301146,174074800
2010-11-02,90.91607666015625,91.12915433842862,90.63450641047845,90.8780245864942,158345900
2010-11-03,91.28136444091797,91.33463386831744,90.13987173441579,91.07589830835771,226702800
2010-11-04,93.03923797607422,93.08489581211587,91.29655896067743,92.29346042045552,215039400
2010-11-05,93.38928985595703,93.54148650510884,92.97835193613115,93.10010809426659,180654100
2010-11-08,93.21430969238281,93.36651223107873,92.79576577431872,93.10015923984416,156107100
2010-11-09,92.54458618164062,93.56431651592735,92.17170032270758,93.46538927341491,186621600
2010-11-10,92.91748046875,92.96314411291546,91.82165170959928,92.52176565687652,221387400
2010-11-11,92.56743621826172,92.70441555772433,91.83688167643824,92.11845193142567,158017600
2010-11-12,91.47158813476562,92.34673346421887,91.0530444074136,91.94340708083595,239068800
2010-11-15,91.34220123291016,92.1184191489402,91.30415497800159,91.76075067840962,163940800
2010-11-16,89.91915893554688,90.93127772613545,89.48538627481288,90.77908107059844,299566200
2010-11-17,89.96481323242188,90.33769908797194,89.69085461848672,89.95720165816533,172308900
2010-11-18,91.28898620605469,91.61621438400881,90.82477865579574,90.83239023368289,197723700
2010-11-19,91.54007720947266,91.57812347091104,90.74864181683225,91.2432896629738,156852900
2010-11-22,91.4639892578125,91.50203552356747,90.3833719648001,91.08349176467699,181361000
2010-11-23,90.1398696899414,90.57363667633662,89.78981263126562,90.38338789623465,222309000
2010-11-24,91.47158813476562,91.49442285961513,90.69537586186858,90.7105932058377,140046100
2010-11-26,90.40619659423828,91.17479726425955,90.40619659423828,90.68015522317292,76007800
2010-11-29,90.6801528930664,90.92367102298086,89.59953574851153,90.17789348428215,223642300
2010-11-30,90.17028045654297,90.68775720001233,89.65280371307361,89.78217725338851,233930700
2010-12-01,92.08799743652344,92.26302301783187,91.46398183069019,91.47158759966497,221037200
2010-12-02,93.26753234863281,93.33602490817502,92.17930941800022,92.2325788283418,191213600
2010-12-03,93.51866149902344,93.62520031907086,92.9250864142077,92.94791533194211,151288900
2010-12-06,93.41976165771484,93.63283936031489,93.22190130275824,93.32082857727058,103050500
2010-12-07,93.4730224609375,94.37099684329823,93.41975304020133,94.31772742256206,206581000
2010-12-08,93.81548309326172,93.89158144864095,93.15342101493671,93.58718802712399,138019200
2010-12-09,94.18075561523438,94.37861016183227,93.71654813772136,94.3405638902243,123705100
2010-12-10,94.7286376953125,94.8199533578665,94.1578915806312,94.46989643757352,117571700
2010-12-13,94.78954315185547,95.27657952750813,94.75910265263573,95.16243491284857,133812700
2010-12-14,94.87325286865234,95.29941405087817,94.58407683558573,94.93413386696054,147249600
2010-12-15,94.43949127197266,95.07111860189528,94.2796829967992,94.69823262649055,160823100
2010-12-16,94.98735809326172,95.05585063525204,94.17309399760043,94.5003219503949,185035200
2010-12-17,95.08912658691406,95.21152306828736,94.72192546986665,94.92082631811998,141075300
2010-12-20,95.3186264038086,95.5481278416954,94.84433199232306,95.34922698462444,119085500
2010-12-21,95.9229736328125,95.98417479373593,95.52517775973806,95.61697366465927,94965500
2010-12-22,96.22132110595703,96.25192168613547,95.93827595311836,95.99182550931464,78878100
2010-12-23,96.08361053466797,96.22131021164843,95.84646336071513,96.11421111138176,70053700
2010-12-27,96.12189483642578,96.21369076078004,95.65524609940772,95.72409304267342,58126000
2010-12-28,96.25959777832031,96.3513937057442,96.00714730497387,96.31314734813937,55309100
2010-12-29,96.32842254638672,96.54262077634851,96.31312517415974,96.37432633599569,58033100
2010-12-30,96.1754379272461,96.48908370844173,96.03008660818739,96.23663909700396,76616900
2010-12-31,96.19840240478516,96.29020417421162,95.87710496649113,96.03010207906951,91218900
2011-01-03,97.19290161132812,97.61364659116617,96.16015066884894,96.93279951494057,138725200
2011-01-04,97.13934326171875,97.43769169124612,96.53499479675006,97.40709110405547,137409700
2011-01-05,97.64419555664062,97.70539670419427,96.74149905784368,96.83330077917415,133975300
2011-01-06,97.45296478271484,97.78956532147076,97.16226803153894,97.68246621122366,122519000
2011-01-07,97.26171112060547,97.7436570948297,96.50436577926352,97.58300843675497,156034600
2011-01-10,97.13934326171875,97.27704298584409,96.5426405661988,96.83334322627742,122401700
2011-01-11,97.48355102539062,97.72069818656577,97.11634996107348,97.4912026282726,110287000
2011-01-12,98.36331939697266,98.47041851412358,97.50652062330109,98.08027423155842,107929200
2011-01-13,98.2026596069336,98.44746424608071,97.95786664071416,98.40156629447254,129048400
2011-01-14,98.9141616821289,98.93711066925654,97.99616717822333,98.06501413960622,117677900
2011-01-18,99.08242797851562,99.17422389547293,98.70757519605762,98.82232009225424,114401300
2011-01-19,98.11088562011719,99.09772681892028,97.85078938761781,98.9982851258648,151958400
2011-01-20,97.98081970214844,98.22561267857532,97.25406903141983,97.8890179586403,175745700
2011-01-21,98.2026596069336,98.8146595318737,98.09556049553866,98.59281554145835,151462900
2011-01-24,98.7611312866211,98.87587618361985,98.11852484463962,98.14147382403938,113715500
2011-01-25,98.81468200683594,98.89883216156639,98.00378688285005,98.5010303689379,167552200
2011-01-26,99.1971664428711,99.48786905829292,98.86056587194659,99.05947257636308,141281500
2011-01-27,99.44196319580078,99.61026346788087,99.04416149152715,99.22010753127351,123302700
2011-01-28,97.7054214477539,99.71736736874401,97.54477277208886,99.55671285661482,295637300
2011-01-31,98.4398422241211,98.5163466196127,97.72840037236284,97.97320509959054,149249200
2011-02-01,100.01573944091797,100.19168553080301,98.97534276836679,99.03654394592051,167194300
2011-02-02,99.82447052001953,100.0922124871506,99.70206818896769,99.7556119132224,118323600
2011-02-03,100.04632568359375,100.19932277799906,99.12068567503707,99.64852389979588,145886700
2011-02-04,100.3293685913086,100.3676207822653,99.62557263483835,100.08457558045929,134634800
2011-02-07,100.9566879272461,101.28563114144862,100.5435828757689,100.55124031893841,112439100
2011-02-08,101.41566467285156,101.46920839650858,100.77305827846682,101.04845768379495,99072800
2011-02-09,101.18621063232422,101.461610166687,100.68130954050343,101.14031265541944,146436700
2011-02-10,101.22444152832031,101.33918644642695,100.4441410664002,100.67364257554513,162708500
2011-02-11,101.82878112792969,101.95882925548062,100.80368764751782,100.82663663044261,137710300
2011-02-14,102.07355499267578,102.15770513856712,101.65281593614816,101.76756082921403,101690700
2011-02-15,101.75228118896484,101.91293574940005,101.22444288566473,101.75993863222907,119575400
2011-02-16,102.3948974609375,102.51728816251321,101.88999642078912,102.09654896865581,130183500
2011-02-17,102.70083618164062,102.8385300237956,102.00468618516399,102.09649375286058,109810500
2011-02-18,102.91509246826172,103.03749484565459,102.55554278025338,102.79269009086883,130002400
2011-02-22,100.84953308105469,102.93797114986712,100.57413375648078,101.8363738515715,233116400
2011-02-23,100.22992706298828,101.0331763826475,99.6102812564577,100.788371698476,227584000
2011-02-24,100.16109466552734,100.55125077392647,99.22015121944233,100.1228541374303,260431400
2011-02-25,101.23206329345703,101.29326445957854,100.52060995110739,100.58181111722888,141686900
2011-02-28,101.8593521118164,101.989411881949,101.27031279029147,101.60691335855061,141585500
2011-03-01,100.16109466552734,102.27249476387685,100.13049990846312,102.18069881975136,258565500
2011-03-02,100.37531280517578,100.84196168058442,99.7174145820248,100.023408869239,200277400
2011-03-03,102.10416412353516,102.21890901964738,101.27796585273884,101.2856116215032,176480100
2011-03-04,101.33917236328125,102.22657184975584,100.67362858489034,102.02766512210428,277202300
2011-03-07,100.54354858398438,101.86700177844507,100.01571046723934,101.63750034733593,216790400
2011-03-08,101.42330169677734,101.74459902980436,100.26816045139968,100.70420266303361,174615000
2011-03-09,101.27796173095703,101.59161333147145,100.67361918114561,101.22441800592689,153806000
2011-03-10,99.40370178222656,100.35229049359177,99.3042484471602,100.21459665081682,301291800
2011-03-11,100.09224700927734,100.45179668517149,99.05950762627032,99.08245661214163,225621800
2011-03-14,99.48786163330078,99.81680473847265,98.73051040524341,99.44196368122357,234974100
2011-03-15,98.34801483154297,98.93706580421295,96.77212284108784,96.84096977125067,359585400
2011-03-16,96.5273208618164,98.35566904561088,95.83882240045546,98.03436003620264,468670300
2011-03-17,97.80488586425781,98.21798503156391,97.2311379935213,97.91963660569814,254303700
2011-03-18,98.16061401367188,99.02113495499326,97.9685339174517,98.99039557436036,230435400
2011-03-21,99.681884765625,99.88932281564298,99.26698521831311,99.38224030307217,153992600
2011-03-22,99.33613586425781,99.79713277750156,99.24394117106446,99.66651972093149,129538600
2011-03-23,99.62042999267578,99.88165612579286,98.59088342782184,99.0595476364875,148603100
2011-03-24,100.57313537597656,100.71911812733123,99.62810456936336,100.18897517710172,159129800
2011-03-25,100.88043975830078,101.31837615497109,100.56542567776185,100.83434242429709,155642800
2011-03-28,100.63457489013672,101.35679774226892,100.60384724103213,101.09557169215513,109762400
2011-03-29,101.31073760986328,101.34146527025159,100.21972394965849,100.55009612430277,129798800
2011-03-30,102.00991821289062,102.30956274524654,101.69490398759216,101.84088676144465,135835000
2011-03-31,101.8716049194336,102.15589145596473,101.7640405261525,101.87929562700769,132537100
2011-04-01,102.30184936523438,102.77821595175746,102.05599295084274,102.50162015829305,153850100
2011-04-04,102.38638305664062,102.70139726745992,102.09442924599554,102.51699613154713,100768900
2011-04-05,102.37100219726562,102.8243083659274,102.1405037598255,102.18660110258602,120791500
2011-04-06,102.69367980957031,102.95490586151651,102.27878034011624,102.86271118992039,120411600
2011-04-07,102.43248748779297,102.9395700721855,101.92539317976082,102.509312498209,170731500
2011-04-08,102.07903289794922,102.94723856615296,101.65645439910504,102.88577153689953,147945400
2011-04-11,101.7717056274414,102.53233517296525,101.52583751972368,102.18659340466927,121385400
2011-04-12,101.01110076904297,101.4029400178704,100.64231019816768,101.20318090107148,161187400
2011-04-13,101.0033950805664,101.55657492880687,100.61923491807528,101.47974993049131,162059000
2011-04-14,101.08024597167969,101.23390773131071,100.08911765696499,100.41948985398963,161220400
2011-04-15,101.44898223876953,101.70252928208754,100.96494854119379,101.26459291536335,170006700
2011-04-18,100.31192016601562,101.44135221145466,99.5051813158963,100.33496884256417,210759300
2011-04-19,100.88817596435547,100.91891535355053,100.21974079488731,100.46559729023804,124258800
2011-04-20,102.26345825195312,102.48626602768475,102.0252690607119,102.09442681230574,156133800
2011-04-21,102.7859115600586,102.83200891248578,102.26345926769727,102.7935905442498,135935400
2011-04-25,102.67835998535156,102.84739144778601,102.34029706048264,102.70908764959353,65757100
2011-04-26,103.56185150146484,103.76930119181391,102.88573784833567,102.9933021833994,146600000
2011-04-27,104.23800659179688,104.39166829659949,103.33907330888313,103.76165178981778,143031000
2011-04-28,104.57606506347656,104.71435707500432,104.03824325703067,104.05360122033191,124791100
2011-04-29,104.82197570800781,104.92955184863078,104.47623377654398,104.61453758331481,115094100
2011-05-02,104.66058349609375,105.39816435748982,104.45313374973517,105.31366038621248,126278700
2011-05-03,104.28414154052734,104.63757414031033,103.75399850267327,104.46086370223925,138375000
2011-05-04,103.59266662597656,104.28415046798335,103.13166958221083,104.23805310833514,182678500
2011-05-05,102.6552734375,103.68481980261508,102.20196728439313,103.01638490824945,226900000
2011-05-06,103.10859680175781,104.20730108567662,102.70906690545651,103.67715812635431,222787200
2011-05-09,103.50814056396484,103.8077850954213,102.9395791632041,103.1009316295148,114104500
2011-05-10,104.39164733886719,104.57604838179181,103.72321260917104,103.85382561821315,114806900
2011-05-11,103.29299926757812,104.25339979375892,102.81664435815702,104.23803010272104,193564200
2011-05-12,103.78472900390625,103.99985779452541,102.48626555247206,103.01640854494067,171550700
2011-05-13,102.98564147949219,103.9844601523996,102.61685104093627,103.83847742865296,157444900
2011-05-16,102.33258056640625,103.4235939635392,102.16354916592846,102.61685532010199,141675400
2011-05-17,102.3172378540039,102.45554163796638,101.51049899787027,101.94844730283776,192686200
2011-05-18,103.23155212402344,103.33911653474219,102.148217308015,102.37103683827338,135217900
2011-05-19,103.47736358642578,103.7462803580367,102.90881411585103,103.56956998666642,119489500
2011-05-20,102.6552734375,103.47737004367373,102.46319336683061,103.20846497891885,182594900
2011-05-23,101.46439361572266,101.97148791072574,101.1032820774907,101.40292657478538,168700000
2011-05-24,101.37987518310547,101.97916416163504,101.18779508168858,101.75635640239261,147199600
2011-05-25,101.71792602539062,102.14050454333278,100.94192672781512,100.972654382012,151050100
2011-05-26,102.1866226196289,102.37102375313712,101.24927070733209,101.44135082503816,164850000
2011-05-27,102.57844543457031,102.85504122877859,102.15587862210718,102.47088105480256,120921900
2011-05-31,103.64645385742188,103.66182355346622,102.83203582171706,103.54658014224123,164731200
2011-06-01,101.31841278076172,103.66179247002283,101.23389706332478,103.34677827560881,233094300
2011-06-02,101.21084594726562,101.60269686576893,100.6192476631131,101.38756808541542,200466800
2011-06-03,100.20436096191406,100.97268148306689,99.94313479839589,99.99691113858339,234690200
2011-06-06,99.14405822753906,100.1582467723488,99.01344516773274,99.95079698388521,179951200
2011-06-07,99.0826187133789,99.93545495346305,98.99810298783396,99.6511683910079,161660500
2011-06-08,98.6677017211914,99.25931169598107,98.48330060961526,98.92892783652864,198696400
2011-06-09,99.42066955566406,99.82787848910135,98.69845812229798,98.93663560521708,160964400
2011-06-10,98.03767395019531,99.05953554468783,97.77644784896506,98.99808023445317,238629400
2011-06-13,98.11449432373047,98.52939382711085,97.61509084690091,98.2604770481185,207599800
2011-06-14,99.35920715332031,99.70494901433537,98.97504692471695,99.01345356866545,160570400
2011-06-15,97.59207153320312,99.34384727256517,97.33084536562819,98.52942938327807,300958000
2011-06-16,97.80718994140625,98.32196320613103,97.05423336499636,97.62278882362047,308032800
2011-06-17,98.09906768798828,98.78626255827744,97.76705172553207,98.7785396128581,233284900
2011-06-20,98.60092163085938,98.80939986692158,97.73614047646743,97.76702635924997,159479000
2011-06-21,99.9521713256836,100.14520371981654,98.63955340193208,99.11055291488694,193157300
2011-06-22,99.34992218017578,100.23014952344744,99.28815039341382,99.64333522185422,176703000
2011-06-23,99.06420135498047,99.32672251535149,97.43500789939905,98.18397433709701,334286500
2011-06-24,97.91373443603516,99.11825450238429,97.7670338451851,99.04104862583605,226129300
2011-06-27,98.7862548828125,99.16459081574502,97.78248412801517,97.97551651233152,168904700
2011-06-28,100.07569885253906,100.09114474048859,99.04104821336965,99.180025859634,165556300
2011-06-29,100.93278503417969,101.09492565685784,100.09116657462498,100.53127433222872,244295500
2011-06-30,101.89794921875,102.06008984486196,100.92507011678838,101.25708020571696,223322700
2011-07-01,103.40354919433594,103.54253858779629,101.7511930474653,101.99055123323629,202385700
2011-07-05,103.31864166259766,103.52711991670978,102.99434870162361,103.29547872122528,165936000
2011-07-06,103.44217681884766,103.57343740323738,102.77814506256104,103.07155800517316,143331600
2011-07-07,104.51545715332031,104.77797837469193,104.1448382653979,104.36103359849947,170464200
2011-07-08,103.77423095703125,104.51548068150584,102.99438417148413,103.33412313762813,194100500
2011-07-11,101.89794921875,102.83221948247815,101.6585909161711,102.50020939354957,195918600
2011-07-12,101.45779418945312,102.52333648689898,101.4269141987233,101.68171830384118,214675700
2011-07-13,101.79755401611328,102.86309653357944,101.55047869397946,101.99058639787097,204062600
2011-07-14,101.09492492675781,102.52336942848542,100.90189252283587,102.05236989164534,226111800
2011-07-15,101.68172454833984,101.82070218779772,100.9713669003377,101.6585616084302,220012800
2011-07-18,100.8478012084961,101.3651263890803,100.09111784692966,101.2107028963586,196872100
2011-07-19,102.4847412109375,102.60828475370792,101.3883187778117,101.41148171936106,166554900
2011-07-20,102.4229507446289,102.8090154089988,102.24536429791115,102.74725543064716,137145400
2011-07-21,103.84368896484375,104.09849308486896,102.43840777835798,103.00205895078719,245246300
2011-07-22,103.91316223144531,104.02125986178346,103.28001055249464,103.8668363586944,126019400
2011-07-25,103.33409118652344,103.84369947816754,102.8167658414039,102.92486349886528,136653800
2011-07-26,102.9480209350586,103.43446625849866,102.71637974381284,103.26459683703578,131278200
2011-07-27,100.84009552001953,102.40751712218673,100.70882316556931,102.37662535110718,249020100
2011-07-28,100.54672241210938,101.74352570747165,100.3845700041387,100.8401354447405,207939900
2011-07-29,99.85951232910156,100.80151128692629,98.80941570964588,99.53521934420868,307038400
2011-08-01,99.43480682373047,101.11805476520387,98.46964523258403,101.02539124085857,325790900
2011-08-02,96.89453887939453,99.21865055347916,96.89453887939453,98.68587926075594,346653800
2011-08-03,97.41960144042969,97.52769912561148,95.38117953288439,97.0258195405026,370830800
2011-08-04,92.85630798339844,96.22279353379774,92.70187852780865,96.06836407820795,520721800
2011-08-05,92.7173080444336,94.25384403818278,90.2310502118977,94.0144857878923,655619200
2011-08-08,86.67929077148438,92.7482313149019,86.49397538280769,90.26969542745776,702263900
2011-08-09,90.70975494384766,90.8332925715702,85.14269737260025,88.07679113972033,717828700
2011-08-10,86.70242309570312,89.78321818088388,86.43989599992057,88.99564867529745,662607400
2011-08-11,90.59394836425781,91.82163134291858,86.72557823086237,87.45138178758314,487979700
2011-08-12,91.20393371582031,92.04555199756676,90.55534190772778,91.42012902155774,313731600
2011-08-15,93.13426971435547,93.2269214914577,91.88341770554598,92.03012420713257,258810600
2011-08-16,92.33895111083984,93.18829815427623,91.35062643216452,92.24629935401389,294095200
2011-08-17,92.4007339477539,93.58209111587732,91.66721329421651,92.84857046233991,238201100
2011-08-18,88.41655731201172,92.43162865616877,87.55177008656943,89.9530934825677,512956300
2011-08-19,86.97267150878906,89.47436958604156,86.86457384372069,87.21975272764263,428281300
2011-08-22,87.04216003417969,88.97248375994462,86.795078832917,88.92615198472751,275090600
2011-08-23,89.9067611694336,90.00713588405637,86.92634081807385,87.3664543989285,331136600
2011-08-24,91.17304992675781,91.2965875796422,89.50524743121547,89.71372568859846,246869700
2011-08-25,89.78321838378906,92.19226457311764,89.46664834828715,91.67493921578485,312365400
2011-08-26,91.088134765625,91.50508547901097,87.90695852139226,89.3276801252498,314495900
2011-08-29,93.70565032958984,93.7596991668788,91.15762024966727,92.31581466947182,190977200
2011-08-30,93.95274353027344,94.53184081389423,92.08419104226873,93.29643445367964,241315700
2011-08-31,94.36964416503906,95.36569167080745,93.65928662152146,94.5549535479395,301828400
2011-09-01,93.3813705444336,95.28080895528862,93.25782696118337,94.42374449185763,254585900
2011-09-02,90.99544525146484,93.32727925224555,90.67115232925177,91.43555875757676,255517200
2011-09-06,90.3314208984375,90.46268737937969,88.31616260299428,88.32388554678619,285130500
2011-09-07,92.87944793701172,92.9180508731921,91.3892379320349,91.69809087587754,209803200
2011-09-08,91.91429138183594,93.38133853012596,91.70581312929521,92.3235190520111,250568200
2011-09-09,89.5052490234375,91.92973514958736,89.0110866213484,90.86419857462282,380195100
2011-09-12,90.08434295654297,90.15383767141067,88.06136753539472,88.38566049576318,305793500
2011-09-13,90.9105224609375,91.25026131398737,89.73688825448947,90.37775713060431,272514700
2011-09-14,92.16910552978516,93.27325101024712,90.12296106574125,91.37380715335321,319389500
2011-09-15,93.75971221923828,93.79059811497183,92.19228982877513,93.15745197963986,326777200
2011-09-16,94.31458282470703,94.66384216622657,93.38323642336691,94.1360776264389,284528300
2011-09-19,93.37553405761719,93.85673336568875,92.14149897979345,92.77015791216706,241517000
2011-09-20,93.26683044433594,94.67937605082975,93.14265366908124,93.77131228694591,218932200
2011-09-21,90.51935577392578,93.60056953867371,90.37189621473262,93.31340739826366,316251300
2011-09-22,87.59339141845703,88.64115806845263,86.38263937147178,87.89607943020334,513911300
2011-09-23,88.12116241455078,88.60236165964918,86.94145004636087,87.01130431934956,307242500
2011-09-26,90.21665954589844,90.34084223839588,87.68649936050853,88.9515794532035,260673700
2011-09-27,91.22566223144531,92.79343090622577,90.6823716013402,91.99402372563142,311753900
2011-09-28,89.36294555664062,91.96296060653324,89.23100585543584,91.4119131003032,286696800
2011-09-29,90.0692138671875,91.29548557693296,88.42382846641537,90.84533805071739,298108900
2011-09-30,87.81845092773438,89.60353296404904,87.75635957307364,88.82740879486245,288392300
2011-10-03,85.31932830810547,88.43934479528014,85.22619127813108,87.30620424336665,365136800
2011-10-04,87.18978881835938,87.37606288767019,83.37902211774664,84.09305495269845,459177500
2011-10-05,88.80416107177734,89.03700078298752,86.59997040345634,87.4071405685958,284108000
2011-10-06,90.41070556640625,90.54265117942155,88.09785878769172,88.7575631673375,257800800
2011-10-07,89.80535125732422,91.00058351252949,89.30086922628784,90.93849214103228,312657900
2011-10-10,92.80891418457031,92.8477168337816,91.32651442495693,91.33427732334178,230666300
2011-10-11,92.9020767211914,93.16596206337645,92.16476100172105,92.2578980497908,209088000
2011-10-12,93.71700286865234,94.79581509877332,93.39103210588732,93.60058304727681,281544900
2011-10-13,93.53071594238281,93.81012108908435,92.45190392870177,93.16593667189153,212538800
2011-10-14,95.12954711914062,95.15282989874203,94.08954348789133,94.61730820383578,211397600
2011-10-17,93.31339263916016,95.114000111516,93.08055306684047,94.67936663794302,202311600
2011-10-18,95.1373062133789,95.85133905892683,92.51400261788669,93.24356126345307,318857900
2011-10-19,94.01190948486328,95.5253550227536,93.68593878612639,94.98206460350184,226601300
2011-10-20,94.42325592041016,94.76474648006543,92.99518457183395,94.24474478132939,262075600
2011-10-21,96.21612548828125,96.33254531158757,95.24597016299222,95.53313234960854,278999400
2011-10-24,97.39584350585938,97.63644608207497,96.2859854430086,96.37135959564012,203215600
2011-10-25,95.50204467773438,96.97667529528219,95.29248791664354,96.93010975786432,268596800
2011-10-26,96.47221374511719,96.83698704428339,94.85011153667139,96.51101639157007,289053800
2011-10-27,99.83283996582031,100.4459727522213,98.2650660747551,99.0567099973818,393220200
2011-10-28,99.80956268310547,100.00359370555108,99.18866104273678,99.34388349215051,225906500
2011-10-31,97.40359497070312,99.82509888070395,97.26389236656014,98.69196408906159,228146700
2011-11-01,94.68714141845703,95.8590904825179,94.314599240266,94.71042419433952,416565800
2011-11-02,96.23164367675781,96.54985746011172,95.30029694939262,96.10746687640955,244717600
2011-11-03,97.98567199707031,98.17970303072788,95.92894185602867,97.22506773973548,291174800
2011-11-04,97.38806915283203,97.55881150627776,96.247165608788,97.19403809898394,249401600
2011-11-07,97.99343872070312,98.09433273045396,96.39461891444608,97.31820856553456,196617200
2011-11-08,99.25076293945312,99.35942577770261,97.56657480627514,98.50568440018579,224426300
2011-11-09,95.58747100830078,97.63643867326026,95.35463135127239,96.93016272260365,337982000
2011-11-10,96.48774719238281,96.96894626266628,95.47878350097962,96.85252646421868,231866500
2011-11-11,98.30392456054688,98.56004112589893,97.62869416504158,97.65973985325144,189924400
2011-11-14,97.37257385253906,98.91705986696847,96.95346593438722,97.93914731264054,159258300
2011-11-15,97.85375213623047,98.3737539906368,96.79822262562028,97.14747618840462,184709400
2011-11-16,96.30149841308594,98.0555349556545,96.16179581115624,96.86806579993109,235782500
2011-11-17,94.77253723144531,96.36359438955022,94.08954999005425,96.12299183387329,331219600
2011-11-18,94.67162322998047,95.26923619993116,94.27579826884799,95.07520516897407,215580400
2011-11-21,92.87101745605469,93.40653908625517,92.08713041649399,93.29011928095687,229611600
2011-11-22,92.5062484741211,93.21251844130367,91.98624074200617,92.66923385116323,216494900
2011-11-23,90.46503448486328,92.50624491213178,90.46503448486328,91.63698368002036,224329100
2011-11-25,90.29426574707031,91.34979488917729,90.18560885785546,90.32531141846833,99557000
2011-11-28,92.90984344482422,93.27462282974084,92.21909326028971,92.77790372898251,210686000
2011-11-29,93.17372131347656,93.911037004056,92.83222473862716,93.17372131347656,199241500
2011-11-30,97.00775909423828,97.18627026010452,93.13490111421879,95.84357283031053,324439500
2011-12-01,96.99222564697266,97.51222735098669,96.57311794002864,96.89908862719952,176954800
2011-12-02,96.9068832397461,98.1797266530813,96.84479187291056,97.8848015426505,221109700
2011-12-05,97.9624252319336,98.70750396451051,97.35704913179981,98.44361858262485,225263900
2011-12-06,97.99343872070312,98.65314307661312,97.60537663824343,97.95463014391417,178842100
2011-12-07,98.3582534790039,98.76959848726388,96.992272798396,97.66749727559272,237802500
2011-12-08,96.20059967041016,97.93135937582282,95.96776594519613,97.71404553041312,240862800
2011-12-09,97.83048248291016,98.07884205277215,96.54987604525708,96.63525020252456,209111400
2011-12-12,96.4023666381836,96.99222256864589,95.58743994612043,96.97669677183143,215826100
2011-12-13,95.50204467773438,97.4578742269026,95.03636561813484,96.90682698915539,245159800
2011-12-14,94.48535919189453,95.48656012831863,94.27580826164659,95.12178080403724,238618800
2011-12-15,94.82686614990234,95.61851032164745,94.67940063971753,95.48657061324967,199109200
2011-12-16,94.96746063232422,96.0296845677916,94.74096234452162,95.46733597746751,220481400
2011-12-19,93.95208740234375,95.53761089795903,93.74901363692683,95.3345371325421,183903000
2011-12-20,96.79511260986328,96.95913169305092,94.01458841292653,95.42828095771983,225418100
2011-12-21,96.9825439453125,97.13094468941436,95.87345932863539,96.79509445096572,194230900
2011-12-22,97.84171295166016,97.9432528316579,97.02942966515707,97.3418435635445,119465400
2011-12-23,98.71647644042969,98.74771901859505,97.95105413157212,98.15412195127821,92187200
2011-12-27,98.7945785522461,99.05232534939309,98.45872829021248,98.54464388926147,86075700
2011-12-28,97.4980239868164,98.8258004893078,97.41992053824241,98.81018218315747,119107100
2011-12-29,98.50558471679688,98.60711861451844,97.52146447836658,97.81825999710699,123507200
2011-12-30,98.02133178710938,98.66960178603941,98.02133178710938,98.4274733287683,95599000
2012-01-03,99.58340454101562,100.27072910762885,99.52873153766325,99.78647825014322,193697900
2012-01-04,99.7396240234375,99.82553960512118,98.9663897471955,99.3491008190248,127186500
2012-01-05,100.00515747070312,100.15355816633725,98.74767847952943,99.20068673858407,173895000
2012-01-06,99.74744415283203,100.1457795217629,99.41940606496506,100.13015525534351,148050000
2012-01-09,99.98957824707031,100.11453663199876,99.51313939592251,99.97395397977024,99530200
2012-01-10,100.85653686523438,101.26267245838726,100.71594230004791,101.05960466181082,115282000
2012-01-11,100.91119384765625,101.04397030729548,100.38008800909934,100.54410108131503,111540700
2012-01-12,101.15332794189453,101.30172868377173,100.39571188333896,101.20020074287453,118983700
2012-01-13,100.6300048828125,100.79402985364887,99.75523681920804,100.47379800257185,179836200
2012-01-17,101.02056121826172,101.7859954431112,100.67689881817826,101.59853997456797,132209200
2012-01-18,102.13745880126953,102.19212586149494,100.81748824920366,100.99712561540765,163395200
2012-01-19,102.6763687133789,102.76228429720919,102.16087521039726,102.48891328016121,126328900
2012-01-20,103.05908203125,103.05908203125,102.25460509951287,102.50454569701208,138230200
2012-01-23,102.79353332519531,103.29340262299058,102.30147020221004,102.71542390579874,129295800
2012-01-24,102.6763687133789,102.70760532667052,102.00466830829386,102.16087521039726,103083300
2012-01-25,103.5355224609375,103.77764496985225,102.12183019831362,102.52015962415814,198613200
2012-01-26,103.00440979003906,104.19159181493919,102.59826229845585,103.9963302021542,184880500
2012-01-27,102.95756530761719,103.13720268299932,102.43425361432259,102.50455686366773,135259100
2012-01-30,102.60604858398438,102.66072754552057,101.58287983816788,101.93434828948962,147311800
2012-01-31,102.56703186035156,103.23872040766769,102.0671506604114,103.1137620255064,157212000
2012-02-01,103.4652099609375,103.98850958035757,103.19965706472219,103.3246154219979,166234500
2012-02-02,103.62922668457031,103.89479150800081,103.26214585494762,103.66828138664731,113090400
2012-02-03,105.08200073242188,105.14448588842752,104.48060345178915,104.66024082666485,160598500
2012-02-06,105.0116958618164,105.0585567433226,104.52745086248801,104.64460306625347,107694500
2012-02-07,105.27723693847656,105.45688618776998,104.37903836329758,104.79299199371802,135528100
2012-02-08,105.58966827392578,105.613098713288,104.90234360510732,105.33192152311887,139361400
2012-02-09,105.72247314453125,105.90211053385205,105.09763345205462,105.7615278599034,148602900
2012-02-10,104.94140625,105.0273218401028,104.53525874062098,104.78519933649224,167907500
2012-02-13,105.72247314453125,105.84744346659176,105.23822804382915,105.69123652292906,115841900
2012-02-14,105.58966827392578,105.6521534181659,104.85548272638292,105.44126754608338,165329500
2012-02-15,105.09762573242188,106.08955822445061,104.88673981916301,105.93335129226163,195195100
2012-02-16,106.26142883300781,106.3551506435136,104.91802726588767,105.10548280472865,186567800
2012-02-17,106.54256439208984,106.71439558917098,106.19109582272381,106.62847999063041,129869400
2012-02-21,106.58940887451172,107.04241724093119,106.26137079906788,106.79247665897992,134042300
2012-02-22,106.24576568603516,106.65191324601022,106.05831021577934,106.42540306305632,124455300
2012-02-23,106.71439361572266,106.79249111979047,105.83180720320244,106.19109385895278,137704300
2012-02-24,106.94868469238281,107.15957057090172,106.7143802916096,106.94868469238281,105539100
2012-02-27,107.12831115722656,107.41729446855952,106.06608773443725,106.23791887031643,145728900
2012-02-28,107.44073486328125,107.56570514056354,106.94867184512077,107.15955769830693,129355900
2012-02-29,107.01898956298828,107.93281249341304,106.6440786803859,107.59695631747631,185934700
2012-03-01,107.5735092163086,107.77658889238818,106.94866975990152,107.24547118320469,145023500
2012-03-02,107.2454833984375,107.64382470515143,107.00336091198464,107.50323015048102,120638300
2012-03-05,106.80811309814453,107.15958165347669,106.44102027520395,107.08148415108302,140765000
2012-03-06,105.24601745605469,105.7771233634778,104.94140979319168,105.71465013022423,202129900
2012-03-07,105.98020935058594,106.15204054675362,105.38660633916136,105.48814620539444,143692200
2012-03-08,107.03459167480469,107.25329562765124,106.40976409920451,106.62845613422898,116968900
2012-03-09,107.44857788085938,107.72974319323863,107.1049154975189,107.23769197875056,122836800
2012-03-12,107.45636749267578,107.59695012719625,107.07365045788809,107.43293705358904,104003500
2012-03-13,109.39336395263672,109.448042924728,107.8547014916913,108.03435075614291,184090500
2012-03-14,109.27618408203125,109.69794381467351,108.94032799608387,109.42458477690427,145163600
2012-03-15,109.90885925292969,109.95572013386912,109.15904940442911,109.44022660788893,165118500
2012-03-16,110.0610122680664,110.20221095421336,109.82566915444015,110.10807849678206,152893500
2012-03-19,110.49252319335938,110.82983930016037,109.91201151019656,109.99046324064275,125291100
2012-03-20,110.17085266113281,110.30421098424557,109.54327492821133,109.86491016221542,121729700
2012-03-21,109.9904556274414,110.33561209537497,109.76295280692658,110.23363921691733,122388400
2012-03-22,109.19812774658203,109.47269679860574,108.83727855997871,109.18243500845303,135216700
2012-03-23,109.55111694335938,109.67663488582419,108.68820802152592,109.29225264584421,120521000
2012-03-26,111.08868408203125,111.08868408203125,110.29637449788538,110.33558838191284,120164000
2012-03-27,110.74349975585938,111.26125222693474,110.67290041072592,111.19065288180128,119868500
2012-03-28,110.19439697265625,110.86120062600581,109.54328605598751,110.68861643266948,148562100
2012-03-29,110.00614166259766,110.21011136938262,109.11184701684581,109.54330758498338,164963700
2012-03-30,110.46111297607422,110.64938990494954,109.86492065637854,110.54740507221906,135486800
2012-04-02,111.2691421508789,111.55940398241309,110.10813073490324,110.32778121981612,151741100
2012-04-03,110.81414794921875,111.30052713798612,110.16303688252418,111.11225016458711,155806700
2012-04-04,109.71590423583984,110.09244624246408,109.30797674613177,109.99831373332167,146896000
2012-04-05,109.66097259521484,109.98260792330649,109.2452047691659,109.33934923717635,137439400
2012-04-09,108.42935943603516,109.70019601029959,108.13125723908803,108.28030833756159,127555900
2012-04-10,106.60939025878906,108.52349757439657,106.49956501789619,108.21755497690545,235360300
2012-04-11,107.47225952148438,107.8958675403685,107.27614225958385,107.69975027846797,154133000
2012-04-12,108.87650299072266,108.96279510370829,107.49584115300554,107.57429288119361,154321500
2012-04-13,107.58213806152344,108.90005293950061,107.48015320434352,108.62548384865637,169246700
2012-04-16,107.5114974975586,108.28811428147372,107.14279604598408,108.13122284826201,147825300
2012-04-17,109.10398864746094,109.32363908775082,108.02141721313848,108.13124243328342,147877600
2012-04-18,108.73523712158203,109.10393847037035,108.55481262218957,108.6175715719882,123884200
2012-04-19,108.0371322631836,109.15891781705663,107.52723191506924,108.75100232658664,198666700
2012-04-20,108.217529296875,108.90786605870099,108.15477032124984,108.51563143858179,143199600
2012-04-23,107.30754852294922,107.40169297704261,106.6407568108993,107.11143120116077,171844900
2012-04-24,107.71549987792969,107.99006897756443,107.31542476165572,107.40171688125058,137484200
2012-04-25,109.1903076171875,109.23737387025326,108.6725548933557,108.76668739948724,150252200
2012-04-26,109.95121765136719,110.07673560954315,108.89217933059088,108.95493830967887,136291600
2012-04-27,110.13166046142578,110.44544343874452,109.66882638036198,110.28071156517083,130725000
2012-04-30,109.72370147705078,109.99043009816471,109.42561132529386,109.91197839135769,115092200
2012-05-01,110.40625,111.12796055759303,109.53548831104597,109.66099434319501,138832200
2012-05-02,110.07674407958984,110.18656930893167,109.40209996504652,109.76294916000442,121081000
2012-05-03,109.23735046386719,110.17871123363884,109.03339275426633,110.09241913149009,143759700
2012-05-04,107.47225952148438,109.27654072497869,107.40950056127048,108.66465582545288,193927300
2012-05-07,107.55078125,107.91163054365083,107.04872121140131,107.08793511327885,127765900
2012-05-08,107.11932373046875,107.29190799597524,105.8406344824132,106.90751359188245,213377700
2012-05-09,106.48384857177734,107.16633291366463,105.50326211731883,105.98178878589655,220752500
2012-05-10,106.70350646972656,107.35461735759587,106.46032292715918,107.2212470567844,150600000
2012-05-11,106.38187408447266,107.3703010173689,105.98963946458595,106.03670570376426,153032400
2012-05-14,105.2051773071289,106.38188124600363,105.04828584262256,105.36206877163524,163910000
2012-05-15,104.60115814208984,105.75432924137641,104.4364262536514,105.13460361573166,207629300
2012-05-16,104.20109558105469,105.5503842140999,104.17756245129682,105.07185729226345,207265500
2012-05-17,102.6556625366211,104.35011925357931,102.60074393493554,104.22460128120032,247992900
2012-05-18,101.77703857421875,103.23615176870521,101.62798751063437,103.05571523381354,319615900
2012-05-21,103.52645111083984,103.56567698373,101.94181921251257,102.10656309062892,177861100
2012-05-22,103.70681762695312,104.51481988131283,103.03217368961842,103.79310971091626,197531200
2012-05-23,103.76178741455078,103.91083853949692,101.97319785530712,102.96162514750336,204958400
2012-05-24,103.96572875976562,104.20891235887376,103.09496724582971,104.04418048788901,167357600
2012-05-25,103.62840270996094,104.21675470421873,103.37736678011933,103.92649291408289,135465600
2012-05-29,104.8835678100586,105.06399244009584,102.89886096948572,104.45995955474194,152883500
2012-05-30,103.36165618896484,104.87568795043916,103.14985812605204,103.98923393511923,162370400
2012-05-31,103.1341781616211,103.90295471158073,102.24772403653257,103.3224550997965,196186000
2012-06-01,100.53760528564453,103.15773031591264,100.53760528564453,101.51819207571974,253240900
2012-06-04,100.49053192138672,100.99259184356318,99.73743605309566,100.71802277375691,202545800
2012-06-05,101.25145721435547,101.40049632491908,100.23948512494347,100.29439773595549,164149400
2012-06-06,103.52645111083984,103.57351737028571,101.92612646934533,101.95751195567979,184202800
2012-06-07,103.58919525146484,104.75020670809681,103.3773851442911,104.70314045540356,184772700
2012-06-08,104.41287994384766,104.43641306779621,102.99298030198563,103.32246797737105,143915400
2012-06-11,103.0871353149414,105.3150257237329,102.98515045402812,105.25226673009811,169756100
2012-06-12,104.27167510986328,104.34227448568994,102.89101322346538,103.38522082430558,181931800
2012-06-13,103.60486602783203,104.61682615636066,103.25184526736591,103.96571520201525,172223900
2012-06-14,104.703125,105.11889279749037,103.53426136042101,103.8166708049477,230615500
2012-06-15,105.77392578125,105.86854598907209,104.95385590529249,105.17464441159149,169444500
2012-06-18,105.9789810180664,106.23919872176815,105.09582665307319,105.33238929571804,131360900
2012-06-19,107.00403594970703,107.43773195299572,105.95528453523475,106.51514883622036,137382600
2012-06-20,106.83060455322266,107.31950391389323,105.87648495825167,107.01197607299103,206451800
2012-06-21,104.4334487915039,107.06714956232071,104.34670956697643,106.95675527947432,205272200
2012-06-22,105.23777770996094,105.43491125637156,104.57539984964288,104.9775599848497,130029200
2012-06-25,103.55030822753906,104.16536388934605,103.17969622208152,104.12593477624027,146375700
2012-06-26,104.07071685791016,104.38613768596484,103.2427537283688,103.84992829430904,141634000
2012-06-27,105.00907897949219,105.21409350286804,104.06284051703271,104.41767843644566,108088000
2012-06-28,104.70943450927734,104.86715094991355,103.51875238775473,104.31516747183706,169242100
2012-06-29,107.31947326660156,107.45352259157823,106.3338058487675,106.60978550651726,212250900
2012-07-02,107.64276885986328,107.75316313535124,106.86212792322465,107.61911380312112,129524500
2012-07-03,108.35248565673828,108.43133185628923,107.50874830021284,107.61914260524566,80450000
2012-07-05,107.86357116699219,108.6599982857944,107.46930412824263,107.9503103968001,126177500
2012-07-06,106.83845520019531,107.05924371466273,106.33379401968811,106.82268115428431,151192100
2012-07-09,106.70445251464844,106.9015860624227,106.21555313435599,106.75176264098197,103780500
2012-07-10,105.77392578125,107.42195857186434,105.4111949311467,107.2484801694764,167884800
2012-07-11,105.78974151611328,106.1366984576177,105.17468585874671,105.8291706289344,141733400
2012-07-12,105.27719116210938,105.84493671875408,104.55963422230477,105.17468990332381,143583200
2012-07-13,107.04349517822266,107.15388946176436,105.53739228470228,105.55316633437238,129642600
2012-07-16,106.7911605834961,107.10658142264462,106.37323849968968,106.79905362452152,97525200
2012-07-17,107.5245132446289,107.74530183599168,106.09726841043532,107.21698541865392,138860300
2012-07-18,108.32090759277344,108.53381513362284,107.20908383961213,107.2721559689782,113349700
2012-07-19,108.6047592163086,108.95959702744594,108.19473029467356,108.54167506711755,129847300
2012-07-20,107.61122131347656,108.15531162464264,107.49294604238496,107.98971421304205,142904500
2012-07-23,106.52305603027344,107.54027163642785,105.53738852233455,106.03416879659946,145210900
2012-07-24,105.60835266113281,106.64922331472003,104.8986768751953,106.60191319993406,173301200
2012-07-25,105.63203430175781,106.10514754686439,105.07216979149473,105.82916782857112,129122300
2012-07-26,107.37467193603516,107.60335353101468,106.65710311769416,107.15388338148006,156526500
2012-07-27,109.35391235351562,109.66145222901541,107.35104086620848,107.94244149064376,236768900
2012-07-30,109.35391235351562,109.87434779071702,109.03062248986915,109.22775603134757,106782000
2012-07-31,108.58902740478516,109.50371774227897,108.58902740478516,109.20408299037346,120575900
2012-08-01,108.4944076538086,109.39333607736835,108.344584244536,109.36968101612275,138293800
2012-08-02,107.74531555175781,108.4786586344826,106.9094712020437,107.67435035951658,199556600
2012-08-03,109.88220977783203,110.11087932720642,107.77681356164531,109.259261224856,157825000
2012-08-06,110.09510040283203,110.52879645871799,110.04779029347586,110.17395860647405,86326200
2012-08-07,110.64710235595703,111.12021556108753,110.41842074621388,110.53669603947786,109545100
2012-08-08,110.7811508178711,110.90730711899104,110.24494141783197,110.27648951716783,89754700
2012-08-09,110.8757553100586,111.09654384576498,110.51302441164219,110.6234186794954,90291700
2012-08-10,111.05715942382812,111.09658854222589,110.24497011956055,110.42632962569704,99792700
2012-08-13,111.00191497802734,111.05710609161802,110.42627659642595,110.86786566551069,79426900
2012-08-14,111.0177001953125,111.48294441489863,110.68651734833425,111.411967208202,102379400
2012-08-15,111.14385986328125,111.33311234626242,110.82845109038604,110.89941625947645,71085900
2012-08-16,111.96395111083984,112.0980004519228,111.02559369118467,111.30157338209392,112014200
2012-08-17,112.11378479003906,112.20841707417125,111.86146010719911,112.15321390575441,90813700
2012-08-20,112.12163543701172,112.14529049108111,111.64851029147918,111.95603802645365,78255700
2012-08-21,111.7825927734375,112.83134459926762,111.53814912081465,112.39764842586781,105581100
2012-08-22,111.82987213134766,112.01123154097347,111.23847176632886,111.49867733871444,133243500
2012-08-23,110.91519165039062,111.5617832522749,110.74171321357625,111.55390224408283,111466400
2012-08-24,111.58539581298828,111.83773236391846,110.56819266821483,110.63915781113808,99481200
2012-08-27,111.609130859375,112.03494608626657,111.45142641803938,111.88512265577056,68785900
2012-08-28,111.49872589111328,111.84568284813898,111.15966197625048,111.32524741260043,75689600
2012-08-29,111.58539581298828,111.88504245920062,111.27786816158523,111.59328885024797,65421300
2012-08-30,110.7811508178711,111.13598872691527,110.54458820115015,111.10444062757941,96589900
2012-08-31,111.30946350097656,111.82989883416006,110.67863388791238,111.4119647402467,151970400
2012-09-04,111.20694732666016,111.54602319806139,110.4972715505348,111.21482833499087,120226200
2012-09-05,111.1123275756836,111.55390468557606,110.89153902073735,111.25425791868881,100660300
2012-09-06,113.36756134033203,113.37544235050883,111.77471894302667,111.78259995320347,158272500
2012-09-07,113.80912780761719,113.85643792836488,113.45428986993407,113.55679112086223,107272100
2012-09-10,113.1624984741211,113.89584127605201,113.12308140379794,113.69870779614527,86458500
2012-09-11,113.47792053222656,113.84063940135687,113.20192884443678,113.23347693953595,88760000
2012-09-12,113.85643768310547,113.98260602621116,113.47005164437256,113.85643768310547,87640900
2012-09-13,115.59121704101562,115.9460549986629,113.54103549012245,113.8406702824079,225470200
2012-09-14,116.10374450683594,116.78976520121047,115.72523954325318,115.81987180018554,169777000
2012-09-17,115.70951080322266,116.0643487805626,115.41774497254495,115.86721523403187,119427800
2012-09-18,115.61486053466797,115.7646839318579,115.32310678145066,115.51235928822875,98326600
2012-09-19,115.677978515625,116.04859059634641,115.44930886449485,115.7489437143814,128318300
2012-09-20,115.68580627441406,115.74887839410745,114.83418827369321,115.14959700044686,154009800
2012-09-21,115.63745880126953,116.27165584682515,115.5898961397058,116.24787451604328,108737500
2012-09-24,115.46308135986328,115.72468815605066,114.97950736017849,115.06670962557429,95682000
2012-09-25,114.23435974121094,115.93083059317927,114.20264322268392,115.70886334872043,133165200
2012-09-26,113.59219360351562,114.24224898137412,113.32266375741509,114.2105445685463,146502200
2012-09-27,114.66240692138672,114.92401369957304,113.76660299271585,114.06784936086454,111830300
2012-09-28,114.13126373291016,114.5989794172215,113.72696896963653,114.22638906631481,150696100
2012-10-01,114.43253326416016,115.49480669004114,114.16299127107325,114.56729821255047,135911200
2012-10-02,114.55137634277344,115.06665451202386,114.02023992478158,114.88432698854596,113422200
2012-10-03,115.0191650390625,115.28869495764798,114.2581379634909,114.86061873967736,121283100
2012-10-04,115.84362030029297,116.01008967397077,115.29662530845236,115.45517160120015,124311600
2012-10-05,115.85152435302734,116.66012603842991,115.50271530848879,116.4619401809698,124842100
2012-10-08,115.45516967773438,115.8356831932511,115.19356285572081,115.42346525823571,78415400
2012-10-09,114.31362915039062,115.46310499587243,114.27398954958618,115.36797963098805,148872900
2012-10-10,113.58425903320312,114.40871883896507,113.4336358708253,114.29772316453696,124247500
2012-10-11,113.64768981933594,114.54349369677354,113.62390848597953,114.37701226697483,123601500
2012-10-12,113.27509307861328,114.1153990666159,113.02934458359024,113.72696257950327,124181900
2012-10-15,114.21846771240234,114.33737438095407,113.17997581937048,113.54463100046515,107689100
2012-10-16,115.3758773803711,115.45515656457322,114.67827136387417,114.75753845177111,108815500
2012-10-17,115.89905548095703,115.99419289213306,115.28071674166958,115.45512121647388,128834100
2012-10-18,115.59782409667969,116.15274194078044,115.20937555765826,115.59782409667969,148108500
2012-10-19,113.67147064208984,115.39172229286476,113.40194080105867,115.38379921388282,185645200
2012-10-22,113.68731689453125,113.89342579303694,112.79151311568639,113.48119589972305,125578600
2012-10-23,112.10978698730469,112.61714235553045,111.64207121428375,112.4585960710173,192056300
2012-10-24,111.79264068603516,112.64880472646509,111.61823622800496,112.51402774828695,120179400
2012-10-25,112.11769104003906,112.79152775524403,111.4359433419643,112.58541882998684,134457400
2012-10-26,112.05426025390625,112.44269669447011,111.29322143171906,112.01462067319724,146023500
2012-10-31,112.05426025390625,112.59331984338333,111.52311164574859,112.45063186839293,103438500
2012-11-01,113.22758483886719,113.3702728995416,112.18909252070682,112.29214097686868,100995600
2012-11-02,112.22073364257812,113.9330619825969,112.10182699242493,113.90134547835461,137702200
2012-11-05,112.45063781738281,112.70430937399742,111.72130336339774,112.05426618192682,98378500
2012-11-06,113.33060455322266,113.77453893265216,112.67262606360228,112.79153273798353,107068100
2012-11-07,110.76210021972656,112.31587038921181,110.23888671321885,112.3000242317807,264304500
2012-11-08,109.43029022216797,111.30910024742693,109.34308796701838,110.74624712849695,181517300
2012-11-09,109.52546691894531,110.54017783557957,109.04189280271272,109.0973785688072,201055300
2012-11-12,109.61262512207031,110.04070120373932,109.36687662182484,109.86629670105476,97677500
2012-11-13,109.23214721679688,110.38955832121198,108.89127323790389,109.03396129521481,123018300
2012-11-14,107.75758361816406,109.7394417330833,107.51183514732239,109.56504934756822,191505000
2012-11-15,107.57524108886719,108.20151493996131,107.16301127136349,107.79720819914604,178128400
2012-11-16,108.10640716552734,108.32045125777806,106.78252721772398,107.73381682195533,239483900
2012-11-19,110.29438781738281,110.3102339752829,108.13812490520458,109.31930477285923,151495800
2012-11-20,110.34196472167969,110.52429233148726,109.4620189925314,110.11999751939952,119807400
2012-11-21,110.54805755615234,110.64319498348206,110.21510680125719,110.43707397118729,81710800
2012-11-23,112.05426025390625,112.09388773831355,111.0157564630577,111.08711254685461,65409200
2012-11-26,111.81645202636719,112.06220052965556,111.1346922609687,111.49934742833094,100124400
2012-11-27,111.24568176269531,112.08598782365097,111.17433776045664,111.70547438207382,128646200
2012-11-28,112.1415023803711,112.20491121649724,110.19134802107668,110.79382873472319,177086500
2012-11-29,112.6646728515625,112.97384225176421,112.07011538222825,112.56162444903039,151085900
2012-11-30,112.68843078613281,112.90247481761783,112.29999439511575,112.68050770952232,136568300
2012-12-03,112.13353729248047,113.29887091042336,112.04633504568534,113.2037455853024,124656300
2012-12-04,111.9749984741211,112.46649548156203,111.67375212953286,112.12562164641521,127512200
2012-12-05,112.17317199707031,112.69638545508086,111.27736823680702,112.07011150180398,147300500
2012-12-06,112.55370330810547,112.60126597617409,111.9036600173275,112.07012935556763,103220600
2012-12-07,112.8946304321289,113.11659769494261,112.30799575394492,112.9897558029609,108726400
2012-12-10,112.94215393066406,113.21168378537655,112.68847023471979,112.73604499993763,98840700
2012-12-11,113.71110534667969,114.24224192695229,113.35437326695072,113.40985901004917,152570400
2012-12-12,113.76657104492188,114.5910307379194,113.60802482589963,114.15501956338235,145880100
2012-12-13,113.0689697265625,114.02025917455938,112.78358168253328,113.69523155013412,135715000
2012-12-14,112.64881134033203,113.02932468187493,112.47440687206216,112.8232158086019,137701700
2012-12-17,113.97270202636719,114.03612293880649,112.91041686338689,112.94213336775763,143238200
2012-12-18,115.24112701416016,115.3441875473918,113.9885907425011,114.15507221185167,177762800
2012-12-19,114.38489532470703,115.40754068644223,114.34526784718054,115.36790111261612,150895400
2012-12-20,115.04290771484375,115.05876596834472,114.13918080614039,114.45628539464354,168487000
2012-12-21,113.99864959716797,115.03652759521239,113.3200459622857,113.50366668912496,245883800
2012-12-24,113.64737701416016,113.81502701094105,113.51963556188254,113.75115628480225,53874600
2012-12-26,113.16839599609375,113.93483282116487,112.84905442520582,113.87894134610445,106947700
2012-12-27,113.01666259765625,113.43181623161793,111.7073431509422,113.20028332375456,167920600
2012-12-28,111.79515075683594,112.90487861995317,111.66740931797929,112.2821543331446,148806700
2012-12-31,113.69528198242188,113.81503198535633,111.40396374214329,111.49977592658678,243935200
2013-01-02,116.60931396484375,116.68116396755626,115.54748592373991,115.85086884465417,192059000
2013-01-03,116.34586334228516,116.85681704921038,116.03450111747287,116.55344628022488,144761800
2013-01-04,116.85680389404297,117.04841608085566,116.29795024345923,116.53746243145109,116817700
2013-01-07,116.5374526977539,116.6492234185351,116.10632835895866,116.44165270339714,110002500
2013-01-08,116.20214080810547,116.48955297394514,115.7470664696531,116.32988225561087,121265100
2013-01-09,116.49752807617188,116.81688168350429,116.27398664208643,116.45760735249351,90745600
2013-01-10,117.42366027832031,117.43163955191795,116.53747362509762,117.1442273351404,130735400
2013-01-11,117.41565704345703,117.47951558340066,117.04840343726086,117.39169486335992,113917300
2013-01-14,117.3358154296875,117.41565687764619,116.9046911020619,117.27194470773946,89567200
2013-01-15,117.41565704345703,117.52742776150029,116.72107055510041,116.79292054910793,93172600
2013-01-16,117.39972686767578,117.58334764314978,117.0484438661785,117.1761853543773,104849500
2013-01-17,118.15812683105469,118.4934389723726,117.4795110946603,117.91861467808643,133833500
2013-01-18,118.42159271240234,118.54933415562292,117.70305623085751,118.13418055620332,169906000
2013-01-22,119.060302734375,119.06030273437499,118.14217470050447,118.4216076199642,111797300
2013-01-23,119.25188446044922,119.35567590298282,118.84472232620031,119.06028448296465,104596100
2013-01-24,119.2838363647461,119.86663998415874,118.9644827374619,119.07625346148755,146426400
2013-01-25,119.95448303222656,119.95448303222656,119.2519171035503,119.65909153135019,147211600
2013-01-28,119.81076049804688,120.0183312188374,119.36366542065188,119.98638976511872,113357700
2013-01-29,120.28178405761719,120.43347549577022,119.49139759770658,119.57123904371163,105694400
2013-01-30,119.81076049804688,120.50533484023791,119.6989775921267,120.26582266572868,137447700
2013-01-31,119.51536560058594,120.05826071460233,119.43553632464855,119.66705706159193,108975800
2013-02-01,120.74482727050781,120.88852724245832,120.06621158404839,120.27378227089687,131173000
2013-02-04,119.38761138916016,120.76879293662431,119.2997906675416,120.01034789469756,159073600
2013-02-05,120.59315490722656,120.93644634921147,119.98638911083253,120.0343012911493,113912400
2013-02-06,120.6810302734375,120.76085957925365,120.08225566036327,120.17007642423152,138762800
2013-02-07,120.52130889892578,120.83267107976685,119.64310162881223,120.720900352852,162490000
2013-02-08,121.19190216064453,121.26375214191718,120.72884864451115,120.72884864451115,103133700
2013-02-11,121.16800689697266,121.27178618943371,120.86462392955276,121.14405689239719,73775000
2013-02-12,121.3675765991211,121.59111805642213,121.04024368589612,121.17596441482203,65392700
2013-02-13,121.47132110595703,121.83857464189259,121.1280297455343,121.61503324857262,82322600
2013-02-14,121.58313751220703,121.7268497088517,120.9684045405123,121.10412528161751,80834300
2013-02-15,121.43944549560547,121.82265774173464,120.99236251143849,121.69491626565903,215226500
2013-02-19,122.34957122802734,122.37352122988273,121.47935534169105,121.6470053546787,95105400
2013-02-20,120.82471466064453,122.30169672081762,120.76084391501605,122.26177598203743,160574800
2013-02-21,120.09020233154297,120.88856826555038,119.70699009420667,120.52132675788151,183257000
2013-02-22,121.26378631591797,121.26378631591795,120.14607901860369,120.6729912118542,106356600
2013-02-25,118.95648193359375,122.03817383204306,118.95648193359375,121.85455314340008,245824800
2013-02-26,119.77079772949219,119.9144976744984,118.7408993952504,119.53128563905751,186596200
2013-02-27,121.27971649169922,121.61502856877625,119.56322320936012,119.66701463158341,150781900
2013-02-28,121.04023742675781,122.04617393259423,120.88056670581325,121.27175814481318,126866000
2013-03-01,121.43944549560547,121.62306625365312,120.08222581307065,120.62510881324552,170634800
2013-03-04,122.08612060546875,122.08612060546874,120.96841313921387,121.1600131722303,99010200
2013-03-05,123.17985534667969,123.50718825216879,122.66092244351542,122.67689317068684,121431900
2013-03-06,123.34757995605469,123.68289230379176,123.07613836723444,123.61902154487494,94469900
2013-03-07,123.57110595703125,123.73077674316143,123.36353515327204,123.50723520615917,86101400
2013-03-08,124.09793853759766,124.26558847504236,123.47521440576377,124.1139092590037,123477800
2013-03-11,124.5690689086914,124.57704818460306,123.85054424942287,124.0022357664486,83746800
2013-03-12,124.28956604003906,124.62489035350312,123.9143453694365,124.48117819314798,105755800
2013-03-13,124.46524047851562,124.64088195325847,123.93033678074309,124.35346973841534,92550900
2013-03-14,125.12786865234375,125.18376010585195,124.4732150298335,124.79255647758065,126329900
2013-03-15,124.96265411376953,125.13104973245292,124.54565409276158,124.97869587049776,138601100
2013-03-18,124.27302551269531,124.81030820539026,123.6555462596614,123.76781410236964,126704300
2013-03-19,123.98436737060547,124.70608765682576,123.16640873961691,124.53769196697185,167567300
2013-03-20,124.85041809082031,125.05891203629379,124.50558753284227,124.71409371459401,113759300
2013-03-21,123.78389739990234,124.81035008804686,123.57540340384466,124.10465927634203,128605000
2013-03-22,124.7782211303711,124.7782211303711,124.0805454053001,124.17678371278178,111163600
2013-03-25,124.25700378417969,125.31553981716445,123.77586105341497,125.10703362118188,151322300
2013-03-26,125.25135803222656,125.28342931285917,124.63387881262972,124.77020316880213,86856600
2013-03-27,125.25135803222656,125.29145631022467,124.2970753027432,124.50556921754634,99950600
2013-03-28,125.63629150390625,125.78064287688771,124.89852958721795,125.17117833628747,102932800
2013-04-01,125.13912200927734,125.82877096283195,124.83438970255241,125.57215170742579,99194100
2013-04-02,125.7565689086914,126.06931589777471,125.39569664443832,125.5881610362882,101504300
2013-04-03,124.48150634765625,125.92495862801626,124.15272985190758,125.82873255475087,154167400
2013-04-04,124.98674011230469,125.23533233699143,124.3692608135073,124.64190956082322,131885000
2013-04-05,124.42537689208984,124.5777429969133,123.3107133586098,123.45505246658423,159666000
2013-04-08,125.26741027832031,125.27542504008036,124.09660653864627,124.51360663944111,86571200
2013-04-09,125.70045471191406,126.15755314791673,125.08297536787286,125.49997551779617,101922200
2013-04-10,127.24009704589844,127.40047790804557,126.00515094746254,126.03722222538178,135711100
2013-04-11,127.6571273803711,128.0741275099635,127.13587415931099,127.26418377399763,110142500
2013-04-12,127.34437561035156,127.536827788952,126.63868499207561,127.24813728477345,116359900
2013-04-15,124.39334869384766,126.8071264538612,124.37731916557277,126.7028733386688,217259000
2013-04-16,126.22972106933594,126.29387587896764,125.02684592036863,125.33156597077078,147507800
2013-04-17,124.38533782958984,125.35566271701299,123.71974529687971,125.33159395128376,226834800
2013-04-18,123.607421875,124.62585936371634,123.13429402673786,124.59377584801409,167583200
2013-04-19,124.68199157714844,124.73813161347746,123.59138449389435,123.89611672247719,149687600
2013-04-22,125.2353286743164,125.53203393558395,124.09660843681975,124.9225816530059,106553500
2013-04-23,126.52641296386719,126.64669557152006,125.23532661785721,125.86082065020713,166141300
2013-04-24,126.6065902709961,126.94339375747747,126.33392934132254,126.56649199578449,96781200
2013-04-25,127.11979675292969,127.72123407941896,126.78299331844855,126.97544543170991,131060600
2013-04-26,126.8952865600586,127.18397702407864,126.48630126486907,126.96745611699455,95918800
2013-04-29,127.7453384399414,128.02600195565992,127.03964779694023,127.24012698085843,88572800
2013-04-30,128.05001831054688,128.0821018222253,127.19197403540336,127.7212418516271,116010700
2013-05-01,126.92739868164062,127.83356864233754,126.78305952132436,127.76941382565916,138874200
2013-05-02,128.106201171875,128.21846902773882,127.1278617552282,127.24814437355421,96407600
2013-05-03,129.4053192138672,129.8143046418891,128.13027434877813,129.22088176303623,144202300
2013-05-06,129.73414611816406,129.91858362309821,129.4454554756966,129.5015955455326,66882100
2013-05-07,130.3916015625,130.43168759041578,129.6458130046739,130.0146999044226,90359200
2013-05-08,130.98509216308594,131.0251904518687,130.17516056930504,130.24733014734616,97419200
2013-05-09,130.6162109375,131.27377634377746,130.28742211622168,130.9289579967874,106738600
2013-05-10,131.0411834716797,131.15345129674367,130.31945125088956,130.70437999648772,103203000
2013-05-13,131.1455078125,131.36202884024323,130.56813879898974,130.87285895462068,81843200
2013-05-14,132.5006866455078,132.59692496562315,131.24969861050337,131.24969861050337,119000900
2013-05-15,133.21441650390625,133.4790505194452,132.2441040165429,132.28420230428142,120718500
2013-05-16,132.5888671875,133.40682541906804,132.38838806852667,132.94171239469696,109913600
2013-05-17,133.87203979492188,133.95222416145236,132.90171474051914,133.07813747768327,129801000
2013-05-20,133.86390686035156,134.38515989358507,133.6072999597215,133.74362428759903,85071200
2013-05-21,134.05636596679688,134.5615772251342,133.5190834357386,133.98419642596966,95804200
2013-05-22,133.06199645996094,135.5800259692553,132.45254433652363,134.19270164032412,244031800
2013-05-23,132.67713928222656,133.04602641412302,131.46624925385416,131.64267193828988,211064400
2013-05-24,132.56483459472656,132.6209746315818,131.49828402096617,131.89122757012314,151573900
2013-05-28,133.3587646484375,134.54559807169454,132.96582101620575,133.95217524192645,143679800
2013-05-29,132.49261474609375,132.95772767785863,131.78692447220607,132.65299556208495,160363400
2013-05-30,132.98184204101562,133.59129430142784,132.49267238585674,132.59692546792778,107793800
2013-05-31,131.07330322265625,133.3667858425201,130.81669620030073,132.61298206562867,176850100
2013-06-03,131.79502868652344,131.88324002244326,130.43978736024602,131.37802853160446,168390700
2013-06-04,131.16152954101562,132.39648845073208,130.49593702873904,131.86722034656788,157631500
2013-06-05,129.32510375976562,131.04921969192588,129.2128359163172,130.7845857245952,211737800
2013-06-06,130.4958953857422,130.50392238360448,128.50714548397312,129.26896386797992,200225500
2013-06-07,132.15582275390625,132.27610531720043,130.82463861750995,131.39400463507275,188337800
2013-06-10,132.15582275390625,132.636965243356,131.81099234534128,132.56479570537948,105667100
2013-06-11,130.7926483154297,131.9473983467402,130.50395774853192,130.95302924453276,159505400
2013-06-12,129.70999145507812,131.82705048613042,129.58970887683205,131.6907261520267,177361500
2013-06-13,131.6827392578125,131.91528970372343,129.3491588558304,129.6378493409857,163587800
2013-06-14,130.85678100585938,132.05164147447022,130.64027227426357,131.53841519836965,141197500
2013-06-17,131.8671417236328,132.49263556969652,130.8888026851693,131.74684691552898,136295600
2013-06-18,132.90969848632812,133.11017769183263,131.93135898456376,131.93937374772327,114695600
2013-06-19,131.07330322265625,133.0299822427711,131.01717540750462,132.79743174637767,206149500
2013-06-20,127.82550048828125,131.08930690691315,127.48869698636605,129.79822069810015,321255900
2013-06-21,128.23590087890625,128.7921410491696,126.9460397193611,128.6954057675634,271956800
2013-06-24,126.61546325683594,127.71989830789077,125.54326918712314,126.89762412292673,222329000
2013-06-25,127.83277130126953,129.06619486821924,126.90568010778894,127.76020756713733,162262200
2013-06-26,129.0984649658203,129.38868306473552,128.38098304086685,128.88079831637748,134848000
2013-06-27,129.85623168945312,130.45279441405856,129.7514269713543,129.87235833093524,129483700
2013-06-28,129.32421875,130.1142523074674,128.87277100287577,129.49351780568585,160402900
2013-07-01,130.0819549560547,130.98485005914034,129.85623118028326,130.0013340499835,131954800
2013-07-02,129.96099853515625,130.83970957400237,129.3886197890613,129.88843482014445,154863700
2013-07-03,130.0174560546875,130.41247879871167,129.16292860530965,129.37252573218748,75216400
2013-07-05,131.42013549804688,131.46850310369828,130.03354006461885,130.97674527787765,122416900
2013-07-08,132.16990661621094,132.52461892285362,131.4685514741823,132.09735518104037,108092500
2013-07-09,133.12118530273438,133.28241481899232,132.42788731190393,133.00025393977322,119298000
2013-07-10,133.16954040527344,133.62098792875452,132.7180928817924,132.9921842637598,121410100
2013-07-11,134.98338317871094,135.1204288526469,133.1614543699859,134.71734899953373,135592200
2013-07-12,135.03981018066406,135.37839578672046,134.73347785195844,134.94307495065397,104212700
2013-07-15,135.5557861328125,135.74926894270232,135.1768899849184,135.4106832511633,69450600
2013-07-16,135.0479278564453,135.72509931027736,134.68515831339425,135.64447838914356,88702100
2013-07-17,135.39456176757812,135.82182555896935,135.21720559367708,135.56386077031084,92873900
2013-07-18,136.13619995117188,136.45867124814097,135.59607436739861,135.68475243643735,103620100
2013-07-19,136.3780975341797,136.42646517020424,135.68479938209924,135.85409840921167,103831700
2013-07-22,136.6440887451172,136.83757152923062,136.2490660071024,136.57153731395812,79428600
2013-07-23,136.35386657714844,136.91011880118134,136.2813151481934,136.88593499152967,80829700
2013-07-24,135.85409545898438,136.93434697682886,135.57999169242026,136.87790986867483,112914000
2013-07-25,136.18460083007812,136.30553220885926,135.38651031483852,135.61223412733307,111088600
2013-07-26,136.3297576904297,136.37006816234336,135.04796587036608,135.6122755740706,107814600
2013-07-29,135.9105224609375,136.2894186757225,135.52356907386877,135.98307391457044,79695000
2013-07-30,135.9105224609375,136.46677487417614,135.58806335521797,136.32167196691026,85209600
2013-07-31,136.0072479248047,136.92626975784276,135.82989175518117,136.19266126540222,142388700
2013-08-01,137.57933044433594,137.70024957832302,136.96664069605217,137.03920447747535,110438400
2013-08-02,137.8130645751953,137.82919122124184,137.08752541644918,137.27293879239065,91116700
2013-08-05,137.61143493652344,137.8210442955442,137.3292864700998,137.50664255803179,54072700
2013-08-06,136.82948303222656,137.64371220542358,136.52315070958747,137.34542475043122,87495000
2013-08-07,136.3861083984375,136.58764834746063,135.87823609159437,136.39417786905267,84854700
2013-08-08,136.88600158691406,137.1923340918742,136.18463386273177,137.03110451541704,102181300
2013-08-09,136.4909210205078,137.12779418491232,136.01528966548668,136.70858762235696,91757700
2013-08-12,136.3297576904297,136.4909872770554,135.74126416378277,135.80575845863885,68593300
2013-08-13,136.73275756835938,136.96653848662223,135.765368315271,136.57152807634827,80806000
2013-08-14,136.03146362304688,136.88599138551163,135.9992103295422,136.66832470795055,79829200
2013-08-15,134.1288604736328,134.9753183534803,133.89506726221066,134.95920401553636,152931800
2013-08-16,133.6854248046875,134.33035483326128,133.4193907066127,133.87083803630918,130868200
2013-08-19,132.83091735839844,133.99178912104057,132.8228478899513,133.5322722562368,96437600
2013-08-20,133.48394775390625,133.98376291826875,132.90351168515232,133.04861455182933,89294400
2013-08-21,132.6616668701172,133.84672286873646,132.36339165312577,133.11311443130103,159530500
2013-08-22,133.8708953857422,134.06437816750625,132.92768988905945,132.93574705874954,101471400
2013-08-23,134.3223419189453,134.49164088936902,133.63711346966446,134.26591712948564,90888900
2013-08-26,133.8225555419922,134.87056596728507,133.7338774529053,134.45941650832538,89702100
2013-08-27,131.67013549804688,133.82258156884416,131.5734002187837,132.50047944779547,158619400
2013-08-28,132.13766479492188,132.60523898697872,131.44436682753044,131.61365350851977,108113000
2013-08-29,132.34725952148438,133.04861464630045,131.72651300009397,131.84744435676697,119200500
2013-08-30,131.92803955078125,132.63746407454875,131.54108631100883,132.62133743509358,134928900
2013-09-03,132.5245819091797,133.4839138430187,131.96832979285153,133.20175305035318,142375100
2013-09-04,133.62100219726562,133.84672598310974,132.3150271075928,132.55686523455165,97389400
2013-09-05,133.79029846191406,134.1449984745699,133.60487283365765,133.70162038349423,63090500
2013-09-06,133.8547821044922,134.61257436575357,132.59717465006847,134.23367823512288,159756500
2013-09-09,135.13661193847656,135.2172205621574,134.18533669124486,134.18533669124486,87559300
2013-09-10,136.13619995117188,136.16038376081679,135.64444198668843,135.95078664355353,105847200
2013-09-11,136.56346130371094,136.56346130371094,135.71700337867654,135.95078430155743,94545900
2013-09-12,136.20071411132812,136.69247214766406,136.01530077661837,136.51511598367247,83209000
2013-09-13,136.50704956054688,136.61185427789937,136.03141819890942,136.3458200499437,72727800
2013-09-16,137.29708862304688,138.04682371577923,137.0794220088957,137.9823294485854,106299200
2013-09-17,137.90975952148438,137.94200050024693,137.41800156345667,137.41800156345667,82523300
2013-09-18,139.50596618652344,139.8848623046785,137.51475034890788,137.86139318410073,203460600
2013-09-19,139.27218627929688,139.94936997511434,139.13514056613812,139.88487570403532,146616900
2013-09-20,138.29847717285156,139.6027217315845,138.18506513996107,139.6027217315845,132867100
2013-09-23,137.6584930419922,138.24175842951854,137.2210501818394,138.11215351305572,104616500
2013-09-24,137.3344268798828,138.14451611405235,137.07520475265855,137.6341559410117,106333100
2013-09-25,136.93756103515625,137.69904735085538,136.81605252136944,137.42361981227984,117306500
2013-09-26,137.464111328125,137.8529508895496,136.94565445922996,137.16438212046302,77146900
2013-09-27,136.83216857910156,137.01848563244823,136.47572735636527,136.77545640231165,99141800
2013-09-30,136.10308837890625,136.5324346860179,135.40641114003026,135.67374207179463,143937000
2013-10-01,137.1805419921875,137.31015926845754,136.07072342146168,136.2084371421297,127160000
2013-10-02,137.0509490966797,137.1805663960081,135.95733558118454,136.37858562350885,113350000
2013-10-03,135.7871856689453,136.8565096448394,135.1553169053656,136.73498881431487,176698000
2013-10-04,136.81600952148438,136.95372324749013,135.7142873524541,135.89250802398726,96878000
2013-10-07,135.63327026367188,136.45956496120968,135.48746009639203,135.625173819151,96295000
2013-10-08,134.0535430908203,135.78713329991666,133.95633635267737,135.60891270600197,178015000
2013-10-09,134.15078735351562,134.63683349638023,133.28398590588617,134.3128027344705,168973000
2013-10-10,137.04283142089844,137.11573650510684,135.47125590271312,135.5198592921854,195955000
2013-10-11,137.92581176757812,137.97442751303237,136.71878651659537,136.83219853402292,105040000
2013-10-14,138.4766845703125,138.590096592329,136.96991778581727,137.07523336375522,112106000
2013-10-15,137.4721221923828,138.64674895273643,137.28580515450085,138.12829240660204,155485000
2013-10-16,139.39207458496094,139.46497965679012,138.23364043497497,138.29844906359492,161676000
2013-10-17,140.32369995117188,140.404713843125,138.8007277815412,138.82502947693027,129389000
2013-10-18,141.2715606689453,141.36876749007646,140.55867768467832,140.84221406096344,138316000
2013-10-21,141.27960205078125,141.56313831655302,140.96366764425665,141.32010899746075,104104000
2013-10-22,142.09779357910156,142.51903119375027,141.3038970171429,141.69274885356577,126663000
2013-10-23,141.4173583984375,141.6765806628754,140.92320320958459,141.61177200651912,105484000
2013-10-24,141.88717651367188,142.06539719950058,141.3687197078934,141.70085938248195,70350000
2013-10-25,142.53524780273438,142.57575475071283,141.9033789694225,142.1788064381,93625000
2013-10-28,142.7620391845703,142.9564650737508,142.3326928284895,142.48661177896795,84979000
2013-10-29,143.5235595703125,143.5802717702996,142.88359428480004,143.08611666592216,87401000
2013-10-30,142.81060791015625,143.79891764193417,142.30026016150185,143.69361446004186,140002000
2013-10-31,142.4055633544922,143.29666634582998,142.19494462971198,142.6971959370228,133795000
2013-11-01,142.745849609375,143.069880404544,141.94385670400538,142.59193065532585,142805000
2013-11-04,143.2481231689453,143.3048230044127,142.55954217166015,143.1347111370261,85677000
2013-11-05,142.7944793701172,143.18331886834446,142.2274191933306,142.68916377979082,85825000
2013-11-06,143.5235595703125,143.79089059671193,143.01319921436948,143.4101475313235,87348000
2013-11-07,141.70892333984375,143.90427090598493,141.57120963436367,143.79085889200235,157000000
2013-11-08,143.62074279785156,143.63694804675885,141.64413506557452,141.66032795349864,136713000
2013-11-11,143.64508056640625,143.81519244457576,143.31294089438077,143.48305277255028,62614000
2013-11-12,143.35342407226562,143.67745488427704,142.87546193722153,143.3372188233701,83990000
2013-11-13,144.50379943847656,144.54429403322823,142.648687170119,142.648687170119,103844000
2013-11-14,145.2247772216797,145.34628572662984,144.39848230505677,144.6334028682895,103435000
2013-11-15,145.85659790039062,145.91329773027434,145.27333254767805,145.45964964727193,102818000
2013-11-18,145.3462677001953,146.22116591028987,145.02223681985768,146.09965742040967,104796000
2013-11-19,145.0303497314453,145.71082207400278,144.77922391652436,145.2733790997836,93891000
2013-11-20,144.57656860351562,145.75929148871703,144.1796205880846,145.3218489166095,124909000
2013-11-21,145.7431640625,145.8565760662733,144.89256785370955,144.98167816817298,92841000
2013-11-22,146.47227478027344,146.48848003071447,145.62978717210498,145.79989903829062,81296000
2013-11-25,146.32647705078125,146.76391996200826,146.1158458600918,146.73152181935586,79486000
2013-11-26,146.366943359375,146.8043985470669,146.148228126512,146.39935385675076,86994000
2013-11-27,146.72340393066406,146.8206230745741,146.34266088289337,146.52088155891303,58800000
2013-11-29,146.62619018554688,147.23375727195108,146.4641747680359,146.88542474235166,55870900
2013-12-02,146.24549865722656,146.97457447326713,146.0186745206367,146.69914693040633,99726000
2013-12-03,145.61358642578125,146.13204320707203,145.1437330363326,145.7675054072712,116563000
2013-12-04,145.59742736816406,146.20499468092171,144.47951191816227,145.0870792309199,123033000
2013-12-05,144.9573974609375,145.60547144529767,144.81968374792072,145.33814046321223,106934000
2013-12-06,146.57757568359375,146.7152893960865,145.93759814561693,146.35884808799557,127728000
2013-12-09,146.95021057128906,147.1689381679169,146.7557970284938,147.00692276192646,70124000
2013-12-10,146.42364501953125,146.91780000062013,146.33453469963055,146.60996210260282,80976000
2013-12-11,144.77919006347656,146.50468457812812,144.60096939243348,146.48038288307535,130591000
2013-12-12,144.30120849609375,144.892570213903,144.00146705475353,144.7143495820731,115565000
2013-12-13,144.28504943847656,144.7306011606833,144.00962195965255,144.60098386677126,107808000
2013-12-16,145.1842041015625,145.6621538178668,144.92496959449343,144.96547653134567,96195000
2013-12-17,144.7224884033203,145.33816435210207,144.3984575383716,145.31386265528016,89886000
2013-12-18,147.19326782226562,147.21756951973148,143.64508402140802,144.94121987653463,234906000
2013-12-19,147.0231170654297,147.1932289027113,146.39124837641927,146.77197898971028,136531200
2013-12-20,147.87832641601562,148.22856245129285,147.07199186547496,147.16972637388204,197087000
2013-12-23,148.6684112548828,148.75800538235447,148.2937539422513,148.6032507596222,85598000
2013-12-24,148.99415588378906,149.05931635918623,148.66836593489325,148.67650633378418,45368800
2013-12-26,149.75161743164062,149.83307112306227,149.31179981099353,149.32808060680713,63365000
2013-12-27,149.74354553222656,150.01231549506932,149.5887909045877,149.94716742583682,61814000
2013-12-30,149.71905517578125,149.88195014333527,149.52357375786278,149.75976959660272,56857000
2013-12-31,150.4276580810547,150.4276580810547,149.8086397928397,149.92267994327057,86119900
2014-01-02,148.98602294921875,149.92269084837943,148.62764653062445,149.8493775423284,119636900
2014-01-03,148.961669921875,149.5399617153375,148.74990757271405,149.23859278495405,81390600
2014-01-06,148.52987670898438,149.50725880032581,148.30182130194098,149.45025116260874,108028200
2014-01-07,149.44215393066406,149.69464305181214,149.01047657616726,149.12450432210807,86144200
2014-01-08,149.47474670410156,149.72723583591792,148.96161561164072,149.41772661467581,96582300
2014-01-09,149.57254028320312,149.97164378248905,148.88837350851094,149.9553505464923,90683400
2014-01-10,149.979736328125,150.04489682322176,149.05936142351186,149.82498170578185,102026400
2014-01-13,147.98422241210938,150.0122881487839,147.69914684178482,149.59690403565472,149892000
2014-01-14,149.5968780517578,149.67833175144315,148.1959589281799,148.47288162216654,105016100
2014-01-15,150.40322875976562,150.63128421097258,149.62946830544982,149.94711785735169,98525800
2014-01-16,150.20773315429688,150.40321456320422,149.72718867233294,150.09370543945647,72290600
2014-01-17,149.57254028320312,150.232273417949,149.3119106477432,149.94721014254273,107848700
2014-01-21,150.01234436035156,150.49290156709182,149.09198167524153,150.435881460424,88621200
2014-01-22,150.11004638671875,150.32996148814357,149.792396763813,150.26480099779204,61270900
2014-01-23,148.88015747070312,149.37699531884618,148.09011606768124,149.35256168927293,132496900
2014-01-24,145.70364379882812,147.95977727310236,145.65477654556653,147.91091001984074,208677100
2014-01-27,144.98690795898438,146.21679197483624,144.26201461831548,145.84212227570643,180843100
2014-01-28,145.8502655029297,146.03759412611657,145.07649252610918,145.0927857540663,110463200
2014-01-29,144.44932556152344,145.42670782193505,144.066515541748,144.63665415798064,216597300
2014-01-30,145.98057556152344,146.45297975246484,145.19052177661524,145.6547855675391,118938100
2014-01-31,145.12539672851562,146.02947847488366,144.0991468115957,144.17244771392683,194677900
2014-02-03,141.85928344726562,145.28012839083854,141.58236068573999,144.9543383688193,254837100
2014-02-04,142.85296630859375,143.2194832087016,141.81042327233024,142.4945898096107,165012400
2014-02-05,142.67379760742188,142.99144728811692,141.48465261942295,142.3561479267268,164230500
2014-02-06,144.5552215576172,144.5552215576172,142.71448449136102,143.00770045509216,132877600
2014-02-07,146.3470916748047,146.501846271,144.75884371296883,145.23124790153133,170787200
2014-02-10,146.61581420898438,146.66469387318114,145.96423449006545,146.3633252036903,92218800
2014-02-11,148.22042846679688,148.59509817680762,146.6403207635173,146.73806771244207,117814100
2014-02-12,148.293701171875,148.912707014437,148.00048526159,148.44030291297287,94717700
2014-02-13,149.05934143066406,149.21409603225047,147.28376478278057,147.2919051830407,100542200
2014-02-14,149.8819580078125,150.15888070999375,148.78239516997107,148.9208565210617,96498400
2014-02-18,150.0611572265625,150.26477906866037,149.5806002338624,150.01227754486263,80460900
2014-02-19,149.06748962402344,150.6394443636986,148.94530905536854,149.67020235492447,126524300
2014-02-20,149.9471435546875,150.2892267901228,148.72541238752197,149.27111748415152,104998100
2014-02-21,149.77615356445312,150.59064132377432,149.70285264885746,150.2322647211775,118116400
2014-02-24,150.60687255859375,151.6168290104019,150.02858101917795,150.0937415044707,114063900
2014-02-25,150.54986572265625,151.16073134443212,150.05302785315484,150.72905396595795,117085000
2014-02-26,150.5580291748047,151.16889483968257,150.13449216728978,150.76979146451527,98677200
2014-02-27,151.3480682373047,151.38878266849113,150.16705145867664,150.3380992964114,93880800
2014-02-28,151.73086547851562,152.43132520058063,150.720908968626,151.32362174308466,150842000
2014-03-03,150.66392517089844,151.0467353686592,149.66210882029463,150.39514274940072,167748500
2014-03-04,152.78152465820312,153.10731459722817,152.10549872804108,152.13807275070778,167545900
2014-03-05,152.92002868652344,153.18067065296515,152.6756799500076,152.911888285607,88376900
2014-03-06,153.27024841308594,153.62048449299027,152.9444583914894,153.2946944713937,82516500
2014-03-07,153.33538818359375,153.9055392864851,152.65936217344085,153.9055392864851,114513500
2014-03-10,153.25392150878906,153.3109291527773,152.37427380138877,153.0991669452526,74939200
2014-03-11,152.49649047851562,153.7019409214731,152.1462668205312,153.4820258175684,99009100
2014-03-12,152.53721618652344,152.59423627632802,151.413219472939,151.7553151555808,104824400
2014-03-13,150.82676696777344,153.11548694372624,150.40324247866621,152.99330637994862,155014300
2014-03-14,150.40322875976562,151.33174379056257,150.22404055837586,150.55798333624676,153919600
2014-03-17,151.76345825195312,152.12183474253922,151.0955725325712,151.16073302432258,98359500
2014-03-18,152.84674072265625,153.05036261562748,151.9100725581322,152.07298001498444,101804600
2014-03-19,152.03224182128906,153.0747848413636,151.0629996944792,152.86301013447485,176267300
2014-03-20,152.92002868652344,153.03405643981844,151.42951506467912,151.69829743203724,117241000
2014-03-21,152.32688903808594,154.63388662027313,152.18781657491718,153.5622010347812,163128000
2014-03-24,151.69692993164062,153.03859631268762,151.03428554969514,152.85042847655157,121411000
2014-03-25,152.41685485839844,152.93225051103119,151.56605507404245,152.4659377809462,103852000
2014-03-26,151.32066345214844,153.25951424494946,151.2797568461221,153.01408709173504,119843000
2014-03-27,151.00160217285156,151.62334010240167,150.44529982919707,151.1406746380295,142383000
2014-03-28,151.74612426757812,152.50693498496332,151.3452593570414,151.43524892949054,101642000
2014-03-31,152.98951721191406,153.22676799303906,151.77058296613413,152.71137231530102,99745000
2014-04-01,154.0039825439453,154.09397209016794,152.98137973820863,153.48858673531183,89193000
2014-04-02,154.5193634033203,154.72388394468092,153.9139781070333,154.20031185811547,78774000
2014-04-03,154.31480407714844,154.79746943754213,153.8403150424946,154.75656284296267,77435000
2014-04-04,152.490478515625,155.1901515893539,152.24506390405557,155.15743380212484,169381000
2014-04-07,150.80523681640625,152.37595279941047,150.49437413670003,152.12234937006815,140803000
2014-04-08,151.4270477294922,151.67246244773233,150.19173539393546,150.7398490695818,112660000
2014-04-09,153.0549774169922,153.1040603458253,151.39427174911316,151.83604307449568,100254000
2014-04-10,149.83995056152344,153.12045594830388,149.6517826529685,153.04683154040572,172959000
2014-04-11,148.49008178710938,150.05262163936868,148.32646785894886,149.0054775196104,167251000
2014-04-14,149.65989685058594,150.0116660571297,148.43277406562927,149.65170804293894,132382000
2014-04-15,150.69076538085938,150.79712008020158,148.49012187658295,149.97086140600445,157093000
2014-04-16,152.2696990966797,152.27787542778483,151.0589280139096,151.72976165298073,105197000
2014-04-17,152.4823455810547,152.90775183373273,151.80333583562722,152.0651281397196,105255000
2014-04-21,153.0140838623047,153.06317927826623,152.33508664496114,152.5232420491789,68329000
2014-04-22,153.70948791503906,154.12670540793323,153.08774984040244,153.16955058333204,85790000
2014-04-23,153.3495330810547,153.7340327818589,153.22682572247714,153.65223203712253,73869000
2014-04-24,153.66036987304688,154.11849387423234,152.92408845719066,154.10212873620637,88170000
2014-04-25,152.40049743652344,153.25130974688133,152.05690447835858,153.16132022334233,100380000
2014-04-28,152.88319396972656,153.5458385043473,151.3124777624552,153.02226643525685,135121000
2014-04-29,153.59487915039062,153.83211741264358,153.04676576668817,153.3739935386797,84098000
2014-04-30,154.0531005859375,154.20853824510067,153.1286634443548,153.34137286550325,101508000
2014-05-01,154.06942749023438,154.48664493263564,153.5785731602789,153.97943794584066,93019000
2014-05-02,153.8485107421875,154.73204086801786,153.619448763225,154.05303125789985,98122000
2014-05-05,154.14305114746094,154.2494058311226,152.6705006476785,153.095906899381,75883000
2014-05-06,152.8013916015625,153.90580755956634,152.768673806211,153.79945287952256,85454000
2014-05-07,153.7012939453125,153.77491835038296,152.17147168105382,153.31679429713012,106500000
2014-05-08,153.5376434326172,154.65842440456157,153.04680165951672,153.56219738006737,93618000
2014-05-09,153.76675415039062,153.83218974920726,152.84231715955414,153.5622335759893,83679000
2014-05-12,155.2638397216797,155.3374766183252,153.7994778453293,154.45394620509006,86940000
2014-05-13,155.4029083251953,155.77921916641125,155.2474707018018,155.46834391962423,66454000
2014-05-14,154.66661071777344,155.3374440788146,154.44572503999854,155.26380719759425,72367000
2014-05-15,153.30856323242188,154.38843747427504,152.55592928337612,154.3557072035239,154956000
2014-05-16,153.8403778076172,153.9058258890584,152.75232685917896,153.3986063786252,97458000
2014-05-19,154.40487670898438,154.52758407583676,153.40681518209573,153.54588769217736,63839000
2014-05-20,153.4313201904297,154.34756826636007,153.03864422688005,154.33120312702025,111644000
2014-05-21,154.723876953125,154.79750134878157,153.8485230838437,153.87306454906255,89093000
2014-05-22,155.10018920898438,155.4192407427903,154.50299274477183,154.76477253723021,61549000
2014-05-23,155.72190856933594,155.8282507374372,155.10015828071184,155.23923071818294,61092800
2014-05-27,156.67909240722656,156.72817533755978,156.21277960317602,156.30276913643442,72010000
2014-05-28,156.56459045410156,156.92454865391326,156.3027981331676,156.67912147377393,66723000
2014-05-29,157.37452697753906,157.39906845397292,156.5237266676193,156.9245915876195,64377000
2014-05-30,157.62806701660156,157.72624536570993,157.09631859761637,157.227214741132,76316000
2014-06-02,157.80807495117188,157.8817118472048,157.0472643833785,157.84898156386893,64656000
2014-06-03,157.72622680664062,157.8080275245052,157.27627916808893,157.4235279500103,65047000
2014-06-04,158.04531860351562,158.1353081541647,157.29268439942572,157.45629835980267,55529000
2014-06-05,159.07608032226562,159.23969426467804,157.64443648100567,158.22528033195493,92103000
2014-06-06,159.83689880371094,159.8777929259675,159.34604450719908,159.41966890679285,78696000
2014-06-09,160.00048828125,160.3849878420499,159.665071646009,159.8123329056271,65119000
2014-06-10,160.01686096191406,160.0495787528488,159.460558652488,159.80415163054147,57129000
2014-06-11,159.46060180664062,159.62421577147634,159.10064359423484,159.44423666527345,68772000
2014-06-12,158.33163452148438,159.36242615435114,157.97986514280066,159.27243660676666,106350000
2014-06-13,158.8143310546875,158.96976869890383,158.13532120429014,158.6425282681994,82017000
2014-06-16,158.94520568847656,159.2806224297342,158.42982232426726,158.61797775936128,87424000
2014-06-17,159.38694763183594,159.50147863412855,158.55250033916508,158.72430308407553,84834000
2014-06-18,160.55674743652344,160.64673694385252,159.03511461992008,159.38689632418433,105267000
2014-06-19,160.7367706298828,160.83494897218745,160.18048078290715,160.69586402750107,85929000
2014-06-20,161.06312561035156,161.19464898284997,160.86584055160395,161.13710280384723,100587000
2014-06-23,161.0137939453125,161.15353281330988,160.71787265344807,161.10421468845882,70611000
2014-06-24,160.04383850097656,161.52344508665809,159.86299699923998,160.72610188611745,96237000
2014-06-25,160.7672119140625,160.93160986609848,159.67394734602163,159.70682191932494,82782000
2014-06-26,160.65211486816406,160.8082972958182,159.57529397361196,160.79185373954977,84312000
2014-06-27,160.96453857421875,161.013856718297,160.20006971271667,160.27404692883408,71445100
2014-06-30,160.88232421875,161.25222282120765,160.7261417428149,160.86588065739835,70201200
2014-07-01,161.9591064453125,162.45231282499674,161.21930941854544,161.27684305527833,90470000
2014-07-02,162.12347412109375,162.3289746504669,161.90154258015573,161.97551976046842,52475000
2014-07-03,162.9208526611328,162.99482985755705,162.4605333819248,162.5838287092985,52938800
2014-07-07,162.35365295410156,162.73999499853616,162.11527783058753,162.60848417664485,61696000
2014-07-08,161.3096923828125,162.11525090768373,160.91512235439055,162.05770474167193,108143000
2014-07-09,162.03305053710938,162.18101743788964,161.36723084048992,161.71247021863493,72992000
2014-07-10,161.3919219970703,161.8193666876301,160.3397600993533,160.4712834722577,99040000
2014-07-11,161.61386108398438,161.72894089599924,160.93159771891087,161.29328071174587,64243000
2014-07-14,162.4276123046875,162.64132832520005,162.29608896463853,162.43582780990704,58658000
2014-07-15,162.12347412109375,162.83862449238703,161.4083362925574,162.52625967405763,111307000
2014-07-16,162.72352600097656,162.97011657368594,162.27963788458874,162.84682128733127,79986400
2014-07-17,160.8740692138672,162.83865413053695,160.64389703973941,162.22215243020847,145398000
2014-07-18,162.51808166503906,162.6824796179167,161.30973727011076,161.40015802560742,124330000
2014-07-21,162.21395874023438,162.34548214109253,161.4659335084607,162.0084581299292,67592000
2014-07-22,162.9208526611328,163.21677398958934,162.64959039815102,162.76467021795304,67678000
2014-07-23,163.2825164794922,163.45514246027747,162.83864081037865,163.1674366732214,65612000
2014-07-24,163.29075622558594,163.62778018782168,163.12635826976071,163.43872316576068,56888000
2014-07-25,162.5262908935547,162.97016660345125,162.20571050786293,162.83042772176606,76837000
2014-07-28,162.59207153320312,162.83044670203827,161.62210221294382,162.55918441440883,69259000
2014-07-29,161.8933563232422,163.12635981777223,161.8686972567724,162.89620016888077,80466000
2014-07-30,161.91796875,162.68243721864235,161.24393355604488,162.46870864712082,104222000
2014-07-31,158.7203826904297,160.9315703492199,158.62174645198024,160.7918314971643,183479000
2014-08-01,158.2353973388672,159.27111542423847,157.47094143977895,158.2847154558721,189261000
2014-08-04,159.37802124023438,159.7150451846046,157.86554005840225,158.53957540438333,91340000
2014-08-05,157.8326416015625,159.1396346626562,157.2572425566437,158.72863355303443,152690000
2014-08-06,157.8820037841797,158.55603921626374,157.06821690930212,157.09287597738074,94818000
2014-08-07,157.0270538330078,158.75326319056202,156.63249635287627,158.5970807910135,135733000
2014-08-08,158.8437042236328,158.95055597691146,156.9613122259156,157.3805413609767,117014000
2014-08-11,159.30404663085938,160.01096910339115,159.23006943487292,159.4437855153092,74544000
2014-08-12,159.08209228515625,159.59172965957305,158.59711397448487,159.14785396939695,73632000
2014-08-13,160.1588897705078,160.33973124001216,159.4355364352473,159.7067860967469,69047000
2014-08-14,160.9151611328125,160.9151611328125,160.274000360561,160.42196729256636,57371000
2014-08-15,160.88232421875,161.64678049431166,159.72329772732206,161.49882607043352,139951000
2014-08-18,162.23036193847656,162.3043391295182,161.679621945013,161.77004269276125,75424000
2014-08-19,163.07699584960938,163.2002911473043,162.2960963644425,162.62489218680014,59135000
2014-08-20,163.5126953125,163.70998037905088,162.8222163937114,162.8550909667567,72763000
2014-08-21,163.98944091796875,164.20315697720568,163.5208936376791,163.65241700155954,67791000
2014-08-22,163.73458862304688,164.14558964372114,163.3646902129912,163.85788391214686,76107000
2014-08-25,164.5648651123047,164.885445521544,163.7017601511957,164.51554697900022,63855000
2014-08-26,164.6717071533203,165.07449275875288,164.6306045335401,164.6717071533203,47298000
2014-08-27,164.60595703125,164.8690037821116,164.35113833057747,164.75391142154007,47874000
2014-08-28,164.51551818847656,164.6223824871083,163.89901654453914,164.06341447437083,58330000
2014-08-29,164.9840545654297,165.00048557739737,164.25247316463643,164.7703259822775,65907000
2014-09-02,164.90184020996094,165.22242052419313,164.28533864084082,165.19776146484884,72426000
2014-09-03,164.81143188476562,165.55945685520268,164.58127228505538,165.53479779400212,57462000
2014-09-04,164.57308959960938,165.6992287615452,164.1209858161738,165.09094253085374,85236000
2014-09-05,165.31283569335938,165.37859736365013,163.91543469226013,164.54015174588815,102177000
2014-09-08,164.88543701171875,165.3950869626689,164.4004586689078,165.1566992736536,64146000
2014-09-09,163.84149169921875,164.85255093752122,163.50446777219835,164.73747112619216,88591000
2014-09-10,164.45797729492188,164.56482904607705,163.3893719840676,163.93188387427946,67251000
2014-09-11,164.64706420898438,164.6717232747149,163.67709496679666,163.8004028382092,66774400
2014-09-12,163.68533325195312,164.49910755746382,163.21678588825617,164.48267654112257,117409300
2014-09-15,163.56202697753906,163.8415173139694,163.06883308449156,163.7099939253858,76401000
2014-09-16,164.7950439453125,165.0909653223453,163.1674826430129,163.25790341218297,116201000
2014-09-17,165.01695251464844,165.78140859045598,164.19495026052815,165.03339607170335,151266000
2014-09-18,165.89651489257812,165.9211739588539,165.30467221643966,165.51838830508296,94990000
2014-09-19,165.7470245361328,166.73803563054193,165.40842519344787,166.4242232215027,121649000
2014-09-22,164.46697998046875,165.48277811486054,164.12012669118536,165.4580037800111,125553000
2014-09-23,163.52545166015625,164.55775720152192,163.47590301039244,163.8723048098888,111393000
2014-09-24,164.80551147460938,164.91287528232752,163.12079439183245,163.5502244199332,107276000
2014-09-25,162.14630126953125,164.3843453423902,162.08849870897652,164.37607883274904,150300000
2014-09-26,163.43463134765625,163.83929971351523,162.21238494246953,162.44362040827815,103547000
2014-09-29,163.13735961914062,163.42641031023493,161.90685905745357,162.03073072427094,95112000
2014-09-30,162.70791625976562,163.76499640227962,162.3693169293726,163.26123066237926,131302000
2014-10-01,160.50291442871094,162.5014569902223,160.13954076272898,162.44364181545723,177798000
2014-10-02,160.52767944335938,161.0892477299095,158.8512158919265,160.36250044012584,157285000
2014-10-03,162.29493713378906,162.6417902527763,161.10571923932721,161.60121829442974,121569000
2014-10-06,162.10504150390625,163.18690858524508,161.51869885665226,162.97218091042868,104778000
2014-10-07,159.60269165039062,161.6342745137408,159.56966341746002,161.2709009445736,147913000
2014-10-08,162.39405822753906,162.62529367409067,158.85944485723653,159.6935432464844,186461000
2014-10-09,159.17330932617188,162.36107031838839,159.04117115206998,162.13808872476517,210705000
2014-10-10,157.3563995361328,159.9247763380843,157.3151173938032,159.131972704835,221909000
2014-10-13,154.7715301513672,157.8601807037092,154.68068674680492,157.29035854933247,230939000
2014-10-14,155.01104736328125,156.76184669276535,154.46598683802515,155.60565655421698,215847000
2014-10-15,153.9622344970703,155.0028069726651,150.23767911906552,152.9134207116635,380715000
2014-10-16,153.830078125,154.9119325414914,151.03871932723357,151.17911139793816,270391000
2014-10-17,155.64694213867188,156.7040222821876,154.94496914586392,155.60564738590858,214625000
2014-10-20,157.15823364257812,157.28210529497238,155.31660366911345,155.36615233007115,130011000
2014-10-21,160.27169799804688,160.37904924748315,158.13275050091508,158.297916931994,154949000
2014-10-22,159.13198852539062,160.9653644364564,159.06591944915365,160.55244216101616,151822000
2014-10-23,160.98191833496094,162.0307447431905,160.42860383965325,160.72590846712814,154944000
2014-10-24,162.2206573486328,162.27021861243253,160.61852932467303,161.24616671752153,117927000
2014-10-27,161.99774169921875,162.2372311801752,161.06453291196752,161.6426218327187,82954000
2014-10-28,163.85585021972656,163.86410413023967,162.46842456873114,162.54276016890935,106736000
2014-10-29,163.60809326171875,164.4421918683471,162.52623872596226,163.97146694425467,142557000
2014-10-30,164.65692138671875,165.12764631604992,163.02173979710903,163.17039839679637,113330000
2014-10-31,166.53988647460938,166.67202468367074,165.80488501362126,166.6389838307088,146903000
2014-11-03,166.63063049316406,167.1921986445091,166.25073651913573,166.75450211437675,93600000
2014-11-04,166.0525665283203,166.49026312330383,165.21845548395024,166.18469207672825,93343000
2014-11-05,167.10137939453125,167.30784052730144,166.36637826592496,167.2665457804699,91709000
2014-11-06,167.7703399658203,167.86118338373612,166.52331904842137,167.1427025520137,107089000
2014-11-07,167.92726135253906,168.14198904336564,167.32439823887503,167.78686926313185,89540000
2014-11-10,168.45582580566406,168.5053744795092,167.75386525720455,167.96032646582069,66319000
2014-11-11,168.6209259033203,168.72828972200065,168.18322932139037,168.52182859462286,54499400
2014-11-12,168.4392547607422,168.67049021948998,167.9024482589876,167.93548909674436,90120300
2014-11-13,168.62916564941406,169.15770554755878,167.819841686933,168.60439132617174,85357900
2014-11-14,168.67054748535156,168.87700868657177,168.2411046584239,168.55492971672393,80417500
2014-11-17,168.77786254882812,168.951295465275,168.18325340870882,168.34843241537783,80441000
2014-11-18,169.75234985351562,170.05790830471685,168.8356618985241,168.8356618985241,76068100
2014-11-19,169.47982788085938,169.7523581079076,168.72005236971964,169.5541508696757,82373000
2014-11-20,169.7771453857422,169.88450922314624,168.62095530996058,168.68702439441006,72840300
2014-11-21,170.68557739257812,171.64356027365574,170.1074886199934,171.47839385311582,142327300
2014-11-24,171.16458129882812,171.2719451506238,170.87554319218054,171.09025829438085,65880800
2014-11-25,171.0407257080078,171.6022941518251,170.7847158232445,171.39583294135247,79108300
2014-11-26,171.47837829589844,171.57747561895386,170.97461256805184,171.18932763513487,62167800
2014-11-28,171.114990234375,171.66830457715832,170.87550085669395,171.354492213444,57890100
2014-12-01,169.92576599121094,170.56992371663227,169.61195363868995,170.45430598646402,103968400
2014-12-02,171.02415466308594,171.23061581245025,169.9423002566391,169.96707458645176,74507200
2014-12-03,171.684814453125,171.89952948894208,171.0324028356969,171.19756921720136,68952000
2014-12-04,171.49490356445312,171.99866930653948,170.7020871534327,171.39579363720722,91316600
2014-12-05,171.7756805419922,172.16382852055875,171.40405298417429,171.66831670920902,91025500
2014-12-08,170.6277313232422,171.87475197205325,170.06615051488453,171.3792528367356,108588200
2014-12-09,170.51214599609375,170.61950983310285,168.39798570704536,168.77786718949568,125180100
2014-12-10,167.7786102294922,170.10748570235788,167.58865687780872,170.04968312678588,159856400
2014-12-11,168.62916564941406,170.28085440628945,168.2327638761518,168.37315590832,159012800
2014-12-12,165.9038848876953,168.3236155889441,165.87085665553334,167.3491126214579,202330200
2014-12-15,164.7642822265625,167.25833691040506,164.1614190849252,166.80411977572317,189965800
2014-12-16,163.44290161132812,167.15093565980243,163.40160686261663,163.9962159601756,259543800
2014-12-17,166.64718627929688,167.1014033568033,163.75673000602427,163.88061426428382,253910100
2014-12-18,170.76815795898438,175.8801384257644,168.40624172494577,169.08344039549596,257633900
2014-12-19,171.49473571777344,172.16735974629037,170.7390663670709,171.41998985943152,245084600
2014-12-22,172.28363037109375,172.28363037109375,171.44492829720957,171.68573947870206,148318900
2014-12-23,172.5161590576172,172.9147488014396,172.2255130473874,172.86492666732923,122167900
2014-12-24,172.5327911376953,173.0061141388633,172.4912684640284,172.74039183508887,42963400
2014-12-26,173.08912658691406,173.4295947069521,172.93134805953358,172.9811701900877,57326700
2014-12-29,173.32164001464844,173.52924067462467,172.8400049629909,172.90643869469594,79643900
2014-12-30,172.3916015625,173.03100250349146,172.31685569133143,172.89814770450818,73540800
2014-12-31,170.68093872070312,172.88151313451502,170.5563834035358,172.715435154646,130333800
2015-01-02,170.58963012695312,171.79372424609872,169.55162669385544,171.37852287285963,121465900
2015-01-05,167.5087890625,169.70935056327772,167.20154419999722,169.5432726016799,169632600
2015-01-06,165.9311065673828,168.3392698075209,165.13391424176334,167.81611194786618,209151400
2015-01-07,167.99879455566406,168.3392627570827,166.81132459049292,167.2597365436006,125346700
2015-01-08,170.97991943359375,171.19583225581977,169.3938598269918,169.41045875874744,147217800
2015-01-09,169.60977172851562,171.4117442821808,168.9952690955981,171.39513267833408,158567300
2015-01-12,168.2810516357422,169.90034655202714,167.67486139434192,169.742568058979,144396100
2015-01-13,167.80776977539062,170.63113372951398,166.50403152706838,169.50178561367687,214553300
2015-01-14,166.79469299316406,166.99399421006802,164.89307631509837,165.78990011381592,192991100
2015-01-15,165.2667236328125,167.74961921677988,165.15046777942544,167.43407485526512,176613900
2015-01-16,167.43408203125,167.5918605542384,164.8764404761802,165.05913006375218,211879600
2015-01-20,167.79112243652344,168.33919111224156,166.22166226219332,168.07345623761356,130991100
2015-01-21,168.63819885253906,169.11983398765003,166.8611374020666,167.3261609336383,122942700
2015-01-22,171.14599609375,171.27885089160938,168.01537446648058,169.39384594565314,174356000
2015-01-23,170.20761108398438,171.1459700168589,170.07474363543025,170.88853458368385,117516800
2015-01-26,170.60623168945312,170.6975764930276,169.27759497584347,169.99174180262426,92009700
2015-01-27,168.35592651367188,169.50187415812704,167.52552342620945,168.5469156759235,134044600
2015-01-28,166.19680786132812,169.64297424657383,166.00581877441243,169.54332997008572,168514300
2015-01-29,167.7330322265625,167.9904550151743,164.98438887060598,166.396083481987,173585400
2015-01-30,165.6238250732422,167.88252155491546,165.35810278354316,166.55388476453962,197729700
2015-02-02,167.67486572265625,167.7662105014665,164.30343371173709,166.12201715381815,163107000
2015-02-03,170.0996856689453,170.10799780532918,168.1980690651613,168.57174774518685,124212900
2015-02-04,169.45191955566406,170.54805685642128,168.99519568034853,169.33566372112335,134306700
2015-02-05,171.16256713867188,171.3120461844523,170.0415313145359,170.11626450195752,97953200
2015-02-06,170.6892547607422,172.09263716397587,170.1660970747955,171.52795681437757,125672000
2015-02-09,169.92527770996094,170.76397972317702,169.51837589928564,170.04153356001996,87219000
2015-02-10,171.73556518554688,171.99298797245132,169.9668035361293,170.9632968248335,96164200
2015-02-11,171.83522033691406,172.26703327799152,170.92178499229328,171.5694980684398,91087800
2015-02-12,173.48770141601562,173.54583567729958,171.86841895725738,172.63238779239109,97545900
2015-02-13,174.2018585205078,174.2516806497601,173.35484431040433,173.61227976310488,93670400
2015-02-17,174.47589111328125,174.6502812348143,173.63718904727858,173.88629969098562,76968200
2015-02-18,174.49249267578125,174.56722586459446,173.8364675625878,174.1022024618402,80652900
2015-02-19,174.367919921875,174.73329906288663,173.75343015829822,173.89459706806414,91462500
2015-02-20,175.4142303466797,175.48896353137286,173.32991194225698,173.95271382324,140896400
2015-02-23,175.3893280029297,175.3893280029297,174.78312501890014,175.16511576676893,74411100
2015-02-24,175.88751220703125,176.08681332404754,175.0155872426188,175.3145325826764,72472300
2015-02-25,175.7381134033203,176.24465951665343,175.39764528251933,175.7630244686532,73061700
2015-02-26,175.53054809570312,175.8045825404924,174.9243449280142,175.6468039809827,72697900
2015-02-27,174.93264770507812,175.6966167204569,174.88282556704436,175.4308817563562,108076000
2015-03-02,176.0370635986328,176.0951851956618,174.9824486776999,175.03227080970728,87491400
2015-03-03,175.31454467773438,176.08682547238564,174.45093178628338,175.60519057623495,110325800
2015-03-04,174.57554626464844,174.79145906391878,173.60397668074862,174.71671319520425,114497200
2015-03-05,174.7665557861328,175.0488896598261,174.26000963818214,174.8994105866747,76873000
2015-03-06,172.30859375,174.33477875927844,171.97643767379853,173.90296572346284,188128000
2015-03-09,173.02268981933594,173.37975686266645,172.35006572678242,172.50784425139392,89818900
2015-03-10,170.21591186523438,171.7355500586221,170.1743892033727,171.65251740583616,157121300
2015-03-11,169.81732177734375,170.6477243288222,169.73427645382097,170.47333421779928,110145700
2015-03-12,171.97637939453125,172.04280045050913,170.39860688989376,170.44842901734606,93993500
2015-03-13,170.9217987060547,172.66563686984932,169.88379527369824,171.70237931453718,162410900
2015-03-16,173.2053985595703,173.29674336439572,170.94670217746943,171.65254954847836,136099200
2015-03-17,172.69058227539062,173.0725604906945,171.87677835924563,172.46636995800847,94510400
2015-03-18,174.7665557861328,175.43917993796543,171.57779982527737,172.21721344470942,228808500
2015-03-19,173.96937561035156,174.77486728914394,173.57908530533092,174.35136644943532,117917300
2015-03-20,175.50497436523438,176.01378164444742,174.73759519006882,174.9211002892932,177715100
2015-03-23,175.16294860839844,176.08881041728557,175.16294860839844,175.5132729783155,71784500
2015-03-24,174.1787567138672,175.49663856009542,174.1120264247225,175.03788850441532,77805300
2015-03-25,171.62632751464844,174.62078961866382,171.58463223103246,174.3872400294228,159521700
2015-03-26,171.21766662597656,172.13517947161392,170.25843303087674,170.95909470831967,153067200
2015-03-27,171.6096954345703,171.78485130454047,170.90903377218643,171.10088812358376,118939000
2015-03-30,173.7033233642578,174.00360332791317,172.62732758553585,172.64400061365387,96180400
2015-03-31,172.1851806640625,173.5781544274123,172.1267996300139,172.87749292634174,126768700
2015-04-01,171.5763397216797,172.1768996432944,170.5837472754692,172.15187737385233,137303600
2015-04-02,172.1935577392578,172.64397124436766,171.32607677960146,171.50958187770183,86900900
2015-04-06,173.3529510498047,173.87009478388543,171.16758858385168,171.30103640950233,114368200
2015-04-07,172.89418029785156,174.12865853822265,172.86082152486782,173.3779652348547,81236300
2015-04-08,173.47808837890625,173.9201653909475,172.7273949279874,173.11942740696747,89351900
2015-04-09,174.2454071044922,174.47895666271535,172.8190874973076,173.31120887159955,85548900
2015-04-10,175.1963348388672,175.23804285485818,174.29550787645925,174.49568598921678,72722900
2015-04-13,174.40394592285156,175.68848163327957,174.3539013910817,175.0545502908604,74436600
2015-04-14,174.737548828125,174.92105387866124,173.57813749655347,174.20371942497331,75099900
2015-04-15,175.52162170410156,176.0304289088538,175.12125278597637,175.20466881068924,99529300
2015-04-16,175.47157287597656,175.98038006824783,174.9877879450057,175.18797876290685,68934900
2015-04-17,173.45301818847656,174.5206770237968,172.66895344714823,174.27879093833246,191113200
2015-04-20,175.0378875732422,175.3715262896894,174.29553061077115,174.37893392613233,92189500
2015-04-21,174.82940673828125,175.88038042964092,174.52912672253498,175.7218975425103,72559800
2015-04-22,175.68844604492188,175.87195110923986,174.2454277911943,175.17128962389035,78264600
2015-04-23,176.1305389404297,176.78114323569324,175.17130552125977,175.28808032483272,102585900
2015-04-24,176.5392608642578,176.80618199876233,176.0888473591567,176.5476101043987,61327400
2015-04-27,175.80523681640625,177.23155672256055,175.61338249604708,177.10644540710808,79358100
2015-04-28,176.36410522460938,176.41414975551587,174.60413376522976,175.78023115153326,86863500
2015-04-29,175.6383819580078,176.23892887819838,174.82929500841547,175.47154993448638,125684900
2015-04-30,173.87843322753906,175.4548993221802,173.1777717307556,175.06286692633046,161304900
2015-05-01,175.76356506347656,175.80527308639842,174.56244527733637,174.6625343503475,103399700
2015-05-04,176.26400756835938,176.84788161296643,176.0805024789829,176.1889280481602,70927200
2015-05-05,174.2454071044922,176.38073735145537,174.103610067535,176.02206377650785,113326200
2015-05-06,173.528076171875,175.10454208533343,172.46041739067016,174.79592574736697,135060200
2015-05-07,174.220458984375,174.64586300376922,173.0944187196591,173.4280574512412,88244900
2015-05-08,176.51422119140625,176.7144120225423,175.81357237367857,175.89698840185997,155877300
2015-05-11,175.6717987060547,176.7394578259872,175.59673190719238,176.4725494097544,75708100
2015-05-12,175.14627075195312,175.68844944429148,174.01188157217368,174.83765437758237,119727600
2015-05-13,175.17962646484375,176.18055500915187,174.94607689542175,175.5549730780222,94667900
2015-05-14,177.00637817382812,177.09813072563637,175.92203330541275,176.19729096083748,95934000
2015-05-15,177.19821166992188,177.34000874758186,176.71442666687605,177.19821166992188,76510100
2015-05-18,177.74874877929688,177.9989714603012,176.9646837721458,177.03141406291414,74549700
2015-05-19,177.6903076171875,178.14073377788276,177.40671350267456,177.86547617467969,72114600
2015-05-20,177.56524658203125,178.31594009239424,177.24828087754378,177.79044699863908,76857500
2015-05-21,178.0823211669922,178.29084847515026,177.25654844478737,177.42338047331128,64764600
2015-05-22,177.65699768066406,178.115747751277,177.59026738934725,177.6986929761731,57433500
2015-05-26,175.7468719482422,177.59025957317027,175.32981719149387,177.16485557568626,124308600
2015-05-27,177.41505432128906,177.6486039186167,175.79688016302015,176.20559832209273,93214000
2015-05-28,177.2148895263672,177.32331509415843,176.5225771939331,177.10645123107645,74974600
2015-05-29,176.11386108398438,177.18985662746263,175.8469526899237,177.148161338781,124919600
2015-06-01,176.4725341796875,177.11478926230401,175.6801200573042,176.78115058893178,93338800
2015-06-02,176.29739379882812,176.98970624792275,175.38821745010807,176.01379960835607,91531000
2015-06-03,176.7644500732422,177.39003207918975,176.27232861649642,176.8311803478431,87820900
2015-06-04,175.27137756347656,176.71438297583452,174.95441198148583,176.05544228050823,151882800
2015-06-05,174.97113037109375,175.64675694085292,174.31217682534148,175.12126395215168,121704700
2015-06-08,173.89511108398438,175.01282726891262,173.82004429822382,174.86268096989306,89063300
2015-06-09,173.87014770507812,174.41232659445998,173.2362289759192,173.87014770507812,105034700
2015-06-10,175.95538330078125,176.33907924214358,174.579107819862,174.6374888621889,134551300
2015-06-11,176.5226287841797,176.90631209465172,176.1639550174308,176.39750470054503,73876400
2015-06-12,175.17124938964844,176.39739079801123,174.89599185639403,175.6967422010882,135382400
2015-06-15,174.42066955566406,174.70426378228288,173.31963870760993,174.02863700166023,124384200
2015-06-16,175.3715057373047,175.45492177039128,174.095319341578,174.27047519256027,85308200
2015-06-17,175.65513610839844,176.264045274997,174.62918487286603,175.65513610839844,126708600
2015-06-18,177.4817657470703,177.948864892119,175.68843594500905,176.25562412756898,165867900
2015-06-19,176.69393920898438,177.31418723866855,176.31676671082127,177.238755296918,130478700
2015-06-22,177.59912109375,178.18583515828453,177.38957944288714,177.6158880068531,70696000
2015-06-23,177.724853515625,178.06012785431992,177.33092695044698,177.8086752976508,68476800
2015-06-24,176.43408203125,177.83381881952428,176.40893805458825,177.45664638018948,92307300
2015-06-25,175.897705078125,177.0627565504783,175.82227312704163,176.937036632006,97107400
2015-06-26,175.86416625976562,176.5011684313468,175.31097309556034,176.2580928943124,104174800
2015-06-29,172.1762237548828,175.87254243882475,172.10079181180083,174.38060654728815,202621300
2015-06-30,172.53662109375,173.7687271714941,172.05885993366562,173.71842642616238,182925100
2015-07-01,173.9196014404297,174.36382879685968,173.13172264543013,174.1123762127988,135979900
2015-07-02,173.76034545898438,174.5649911596692,173.3412620874507,174.39736036893765,104373700
2015-07-06,173.26585388183594,174.04534292073672,172.268433274666,172.46959792474263,117975400
2015-07-07,174.35545349121094,174.48117338980393,171.07821838084888,173.46699876939428,173820200
2015-07-08,171.4302215576172,173.29932958052916,171.19553592197838,173.01435599288317,164020100
2015-07-09,171.74029541015625,173.79381338344916,171.6313424716739,173.53397104853352,144113100
2015-07-10,173.90277099609375,174.32185421996383,171.78221090646358,173.7435173247183,129456900
2015-07-13,175.82223510742188,175.93118808340068,175.12655520034735,175.16846609391263,106069400
2015-07-14,176.58494567871094,176.8950760395133,175.72163504260712,175.78031284768613,81709600
2015-07-15,176.5262908935547,177.08786105321775,176.04852973105105,176.62686680590957,97914100
2015-07-16,177.94281005859375,177.94281005859375,177.33932895347903,177.58239169248435,106683300
2015-07-17,178.0936737060547,178.1523515195296,177.52372643497895,177.93441997166292,89030000
2015-07-20,178.18582153320312,178.6803367219683,177.86732694504246,178.31993124895834,70446800
2015-07-21,177.48184204101562,178.31163188072037,177.1801014437968,178.05178939720005,77965000
2015-07-22,177.16329956054688,177.49857392985072,176.76098310679174,176.7945041490174,88667900
2015-07-23,176.16587829589844,177.39798442000836,175.8054727386166,177.29740850437798,90509100
2015-07-24,174.3386688232422,176.32511975520399,174.00340726819167,176.26645473830396,117755000
2015-07-27,173.3245086669922,173.96152362654487,172.8802812817307,173.45024136188783,132361100
2015-07-28,175.45346069335938,175.59594751699711,173.33289967728547,174.16267663784706,123544800
2015-07-29,176.660400390625,176.88669619310878,175.43667137123683,175.57915817667777,105791300
2015-07-30,176.7023162841797,176.86994707241797,175.52887518769293,176.1491231725249,91304400
2015-07-31,176.43408203125,177.2303378008253,176.14910843614445,177.20519382416353,103266900
2015-08-03,175.83901977539062,176.45926785542608,174.88351006741843,176.40060282577224,113965700
2015-08-04,175.49534606933594,176.2245469987891,175.00920785323092,175.7635527602922,81820800
2015-08-05,176.0736846923828,177.11300321447916,175.78869829461908,176.3921793413758,85786800
2015-08-06,174.6320343017578,176.36703269285402,174.0453073895004,176.25806693096473,116030800
2015-08-07,174.29672241210938,174.62360683796183,173.39150105065505,174.47274300575572,117858000
2015-08-10,176.49270629882812,176.57651526580852,175.4114644727246,175.4114644727246,80270700
2015-08-11,174.9002685546875,175.5708045676496,174.13753368007548,175.1517211582246,126081400
2015-08-12,175.1097869873047,175.29418468609808,172.1259155550612,173.59270729311194,172123700
2015-08-13,174.8918914794922,175.63785943664448,174.3470753736282,174.95055650631437,89383300
2015-08-14,175.52883911132812,175.60427103212047,174.55656283420444,174.6990496143922,72786500
2015-08-17,176.50955200195312,176.50955200195312,174.47281271694936,174.93380703744745,79072600
2015-08-18,175.9982147216797,176.58492876924595,175.7635291026532,176.23290034070618,71692700
2015-08-19,174.60684204101562,176.02333260683693,173.7938195565295,175.252221002981,172946000
2015-08-20,170.9608917236328,174.58176582926043,170.90221390579688,173.08982987419662,194327900
2015-08-21,165.81451416015625,170.93571303467735,165.55468453829255,169.08335906329378,346588500
2015-08-24,158.83261108398438,165.521178671552,152.88162159515264,157.1479003938249,507244300
2015-08-25,156.96347045898438,163.81966744422957,156.67010701883777,163.80290053037342,369833100
2015-08-26,162.98989868164062,163.26648243214422,157.88545386603704,160.99505788498155,339257000
2015-08-27,167.02145385742188,167.1471737255577,163.61849967287367,165.13557909894408,274143900
2015-08-28,167.02984619140625,167.49921746123985,165.88993905492126,166.37607723850832,160414400
2015-08-31,165.68040466308594,166.90413363260612,165.12721158962853,166.04920004539088,163298800
2015-09-01,160.7351837158203,163.2496830661064,159.8634834456543,161.86670074980603,256000400
2015-09-02,163.78610229492188,163.82801317357075,161.27998010881035,163.12394366472105,160269300
2015-09-03,163.90347290039062,165.99888929443958,163.40895770085268,164.49856399423277,152087800
2015-09-04,161.4225311279297,162.4870064802437,160.60113129490634,161.64046266790194,207081000
2015-09-08,165.47921752929688,165.63009416033984,163.58496571100363,164.2303575421744,116025700
2015-09-09,163.2664794921875,167.1891061455516,162.89769690168723,167.06338626122292,149347700
2015-09-10,164.1549530029297,165.3032372871655,162.813881169681,163.07371079988835,158611100
2015-09-11,164.90089416503906,164.96794902479007,163.04854043396173,163.76098712808533,119691200
2015-09-14,164.2890625,165.12722926243146,163.8029242430606,165.07694130299114,79452000
2015-09-15,166.34259033203125,166.78681771708906,164.24717331216968,164.7919766215695,113806200
2015-09-16,167.7842254638672,167.97701303805673,166.30067942228308,166.64433088297523,99581600
2015-09-17,167.40704345703125,170.05565348909056,167.02987097277068,167.6501189795926,276046600
2015-09-18,164.6713409423828,167.3926903207247,164.25851234067875,164.89040544702397,223657500
2015-09-21,165.5222625732422,166.55012997537312,164.46910762492797,165.50540849441848,105726200
2015-09-22,163.37388610839844,163.83727703326133,162.2364731888168,163.34861140848776,153890900
2015-09-23,163.11264038085938,164.0141343141059,162.5312968036963,163.5423229633344,92790600
2015-09-24,162.5229034423828,162.9862942962043,160.551400016195,161.8910103296894,159378800
2015-09-25,162.48077392578125,164.2921955549254,161.60454168351922,163.9888863719727,155054800
2015-09-28,158.40296936035156,161.6888214361858,158.09123952191896,161.5792891768883,178515900
2015-09-29,158.49562072753906,159.86051843533195,157.49301504758208,158.62200704902003,159045600
2015-09-30,161.45291137695312,161.6214136403641,159.60778138124135,160.39132269125668,163452000
2015-10-01,161.87416076660156,162.17746995931026,159.9279321366781,161.83203199007858,131079000
2015-10-02,164.29225158691406,164.3175262894553,159.33820419440474,159.88585274656876,211003300
2015-10-05,167.21580505371094,167.44329022280354,165.41280349904986,165.52233577600205,126320800
2015-10-06,166.64280700683594,167.64541256784653,165.97721874056163,167.08092306204546,110274500
2015-10-07,168.00772094726562,168.36157949934756,166.38164287423808,167.57802546153314,124307300
2015-10-08,169.52427673339844,169.81073183677148,167.31685488954827,167.620164074266,153055200
2015-10-09,169.62539672851562,170.1056288317853,168.9935035859668,169.66752550919867,107069200
2015-10-12,169.78546142578125,169.98765898342893,169.27152120693071,169.70120387282964,56395600
2015-10-13,168.71542358398438,170.32464743866475,168.54692136257023,169.0524280268127,88038700
2015-10-14,167.90658569335938,169.23777502437989,167.61171003606736,168.65643146494554,99106200
2015-10-15,170.4848175048828,170.49323812075917,168.20157072398425,168.57228351697756,134142200
2015-10-16,171.25990295410156,171.27674418236762,170.12249010707063,170.88919023785743,114580100
2015-10-19,171.34413146972656,171.34413146972656,170.29940975639073,170.6111395765444,76523900
2015-10-20,171.12506103515625,171.74009999461236,170.65324962209965,170.90600940935047,78448500
2015-10-21,170.06349182128906,171.6979777484048,169.89497671945065,171.546329583827,102038000
2015-10-22,172.9365234375,173.14715450062192,170.06352550700083,171.01556917030004,174911700
2015-10-23,174.8321533203125,175.20286594299878,173.81270646382134,174.61310170504157,144442300
2015-10-26,174.4024658203125,174.71419558252975,174.0317532080023,174.65522558833268,69033000
2015-10-27,174.0654754638672,174.40247994458977,173.38302017817412,173.72845812724773,77905800
2015-10-28,176.04544067382812,176.07071537302951,173.7369324407698,174.4025209462392,135906700
2015-10-29,175.94436645507812,176.31507923635053,175.4220054574134,175.53995835546357,90525500
2015-10-30,175.18605041503906,176.45827018248963,175.02598161628677,176.13810687318698,131076900
2015-11-02,177.25863647460938,177.4524134087642,175.38823203288015,175.5146183554222,86270800
2015-11-03,177.77264404296875,178.32871321875655,176.67735977863265,176.90484496070982,95246100
2015-11-04,177.2333984375,178.19387555034388,176.6941834417964,178.06750205756163,96224500
2015-11-05,177.05648803710938,177.75578479437362,176.16341427787353,177.29239382800557,78408700
2015-11-06,176.96377563476562,177.19969423595754,175.632598724569,176.7110286618795,110471500
2015-11-09,175.31248474121094,176.5004472716001,174.36042802248596,176.34878618930026,131008700
2015-11-10,175.7168426513672,175.75055081820187,174.56258862730706,174.83218968249022,75874600
2015-11-11,175.02597045898438,176.0369968615076,174.9585669846964,175.98644746976618,67846000
2015-11-12,172.58265686035156,174.4530616433617,172.5658156323239,173.98125014060224,121315200
2015-11-13,170.64483642578125,172.43941698696537,170.56059172395422,172.16981594286116,153577100
2015-11-16,173.23985290527344,173.2988357806647,170.34156708144897,170.45953283223147,117645200
2015-11-17,173.1134033203125,174.43615928477314,172.61631725717933,173.55151938987012,121123700
2015-11-18,175.86007690429688,176.00330447904054,173.5515687684409,173.59368469473657,121342500
2015-11-19,175.70849609375,176.1297583654416,175.41360736120416,175.74219141888744,88220500
2015-11-20,176.34872436523438,177.03116685657776,175.9695910762545,176.46667722971472,94011500
2015-11-23,176.14657592773438,176.91326333273477,175.68318495378801,176.40775642507643,64931200
2015-11-24,176.38243103027344,176.7868390113538,174.74793216787214,175.1354860667706,98874400
2015-11-25,176.35714721679688,176.71100578893396,176.0959539521244,176.50879538089964,51980100
2015-11-27,176.55941772460938,176.76162821619857,175.96965319401912,176.4498854346774,37317800
2015-11-30,175.82632446289062,176.83735062757407,175.7167922359524,176.71939778929257,112822700
2015-12-01,177.50302124023438,177.62098698914056,176.18026471552807,176.45829928959017,97858400
2015-12-02,175.6915740966797,177.77260994296742,175.43881426017808,177.45244662633874,108441300
2015-12-03,173.2313690185547,176.2138984745777,172.50679782724225,175.944297465848,166224200
2015-12-04,176.60992431640625,176.90481293816018,173.23140679489987,173.23140679489987,192913900
2015-12-07,175.53993225097656,176.7026069714552,174.57102165202795,176.28134484736444,102027100
2015-12-08,174.36038208007812,175.48936143212396,173.37463030052473,173.97282814413362,103372400
2015-12-09,173.00392150878906,175.8179493386583,172.0265903210586,173.7200722433621,162401500
2015-12-10,173.450439453125,174.76477504598236,172.83540043460033,173.0713061637851,116128900
2015-12-11,170.0887451171875,171.99284468297955,169.7770025027234,171.3272563956832,211173300
2015-12-14,170.9481658935547,171.07455224512017,168.46272191689854,170.24888207633842,182385200
2015-12-15,172.74269104003906,173.65261848351224,170.92283615309267,172.46465658320872,154069600
2015-12-16,175.27027893066406,175.57358810608002,172.54892982028295,173.87168590758517,197017000
2015-12-17,172.5994873046875,175.64942042687096,172.58263322306897,175.5820169562943,173092500
2015-12-18,169.524658203125,171.99098546495205,169.36362381531808,171.85538913053546,251393500
2015-12-21,170.92308044433594,171.10106921199636,169.5839681196295,170.7027250994136,99094300
2015-12-22,172.4740753173828,172.77071894912382,170.82137791925118,171.81299635813016,111026200
2015-12-23,174.60984802246094,174.65222752487347,173.38939077446773,173.48262050681188,110987200
2015-12-24,174.32168579101562,174.8725934911412,174.10133047041091,174.35559456797586,48539600
2015-12-28,173.9232940673828,173.9656606252106,172.84691709102003,173.62665056816004,65899900
2015-12-29,175.77952575683594,176.11006534109492,174.99132095299322,175.0252168116083,92640700
2015-12-30,174.53358459472656,175.61844569483083,174.3895046119371,175.53368667793808,63317700
2015-12-31,172.78768920898438,174.4997207918084,172.78768920898438,173.85559611533392,114877900
2016-01-04,170.37216186523438,170.38063259302376,168.31263696043297,169.92296757662837,222353500
2016-01-05,170.66033935546875,171.11800441894593,169.55006607762417,170.69423520252218,110845800
2016-01-06,168.50759887695312,169.5585382659889,167.47360094538482,168.10077111434867,152112600
2016-01-07,164.46484375,167.33799866452176,164.07497036102643,165.54969196399927,213436100
2016-01-08,162.65957641601562,165.99040922159983,162.37141644919652,165.4310307454849,209817200
2016-01-11,162.82061767578125,163.92242028467783,160.87976024963513,163.5833971337192,187941300
2016-01-12,164.13429260253906,164.8886012748218,161.99849217501549,164.26990185275864,172330500
2016-01-13,160.0407257080078,165.1513827609082,159.65933589990146,164.80388880872556,221168900
2016-01-14,162.6680450439453,163.7952727103789,159.04906525069086,160.65091236985222,240795600
2016-01-15,159.17616271972656,159.98132150138017,157.23530574363915,158.29472859644858,324846400
2016-01-19,159.38804626464844,161.12550231855718,157.81162455251572,160.99837675000123,195244400
2016-01-20,157.34548950195312,158.91344062239094,153.4213957355556,156.8200198633326,286547800
2016-01-21,158.22695922851562,160.07458688783586,156.4895027763919,157.8201443834892,195772900
2016-01-22,161.47303771972656,161.67643868182282,160.083075104954,160.84585457763717,168319600
2016-01-25,159.03208923339844,161.15940575271674,158.83715904162554,160.9644755609438,130371700
2016-01-26,161.20181274414062,161.4815019882439,159.3541851061627,159.6931953177003,141036800
2016-01-27,159.4473876953125,162.35443791469694,158.54051548868173,160.6763156683246,185681700
2016-01-28,160.27801513671875,161.20182904914827,158.62531755658978,160.99842807461667,143798800
2016-01-29,164.1851806640625,164.3207899455244,160.930635503454,161.04929039162994,210529300
2016-02-01,164.1257781982422,164.913995501639,162.59173602316258,163.1765394893327,136061600
2016-02-02,161.1679229736328,162.70196557716704,160.64244031379968,162.69349484790288,182564900
2016-02-03,162.1341094970703,162.54092433557236,158.57445056225356,162.22733924468645,205054900
2016-02-04,162.38836669921875,163.3630307107808,160.99840420553886,161.63405802153412,139531800
2016-02-05,159.29486083984375,162.44770514097527,158.65920695546097,161.87138516002568,180788300
2016-02-08,157.1505889892578,157.7438633598395,154.93004223118996,157.44723264075432,191526700
2016-02-09,157.1589813232422,158.43877211182678,155.2689750096034,155.40458420735095,184513100
2016-02-10,157.0234375,159.625373572191,156.8962989849986,157.98963072492836,148214100
2016-02-11,154.98086547851562,156.0318177036454,153.4807189558696,154.5401419089568,219058900
2016-02-12,158.17608642578125,158.19302788144972,155.91316058278534,156.76069893292953,127632400
2016-02-16,160.8458251953125,160.87125031093,159.02362293654295,159.9898161272353,120250700
2016-02-17,163.47323608398438,163.8461551070072,161.88833023613745,162.01546877530157,136009500
2016-02-18,162.8036651611328,163.8037673024715,162.4900800587421,163.74443340071596,102343000
2016-02-19,162.72735595703125,162.87990664568497,161.4136689865215,162.023897605953,114793000
2016-02-22,165.0835418701172,165.22762185788187,164.24447413058206,164.31227875995557,103640300
2016-02-23,162.9986114501953,164.69368845979014,162.87994364440885,164.42246993069756,111455300
2016-02-24,163.74441528320312,164.02410450536658,160.45597510553162,161.5662483334956,150812200
2016-02-25,165.72767639160156,165.73616005353884,163.43085424620034,164.19363374068834,110728300
2016-02-26,165.3462677001953,166.69385068785326,165.1852333307752,166.6006338765153,129833700
2016-02-29,164.0495147705078,166.31244052778382,163.85458457843313,165.36320174995046,125918100
2016-03-01,167.90585327148438,167.99061229471093,164.8038592481139,165.27847874039568,141799700
2016-03-02,168.66015625,168.71100648923135,167.17696392116832,167.5922624289091,102415000
2016-03-03,169.32122802734375,169.33818241717043,167.90584038845594,168.48216031846093,95172200
2016-03-04,169.8721466064453,170.65189345864823,168.6855978007662,169.51618196474158,129293600
2016-03-07,170.0077362060547,170.4145639772772,168.8720377759822,168.94831313343246,100219000
2016-03-08,168.151611328125,169.43987330142576,167.99058989732075,168.931358027098,123974900
2016-03-09,168.98223876953125,169.32971974337983,168.1770668080957,168.96528437760318,94801200
2016-03-10,169.1177978515625,170.4145434339482,167.2871248313894,169.47377534157206,156838700
2016-03-11,171.84686279296875,171.88924229487964,169.10084694989558,170.5755553300917,137964500
2016-03-14,171.62655639648438,172.0842215232804,171.00785687598227,171.33839639322719,73612000
2016-03-15,171.34683227539062,171.65194660867266,170.3975934306951,170.6603282586084,93169100
2016-03-16,172.3384246826172,172.74525235402461,170.82133690510005,170.86371640408925,129303200
2016-03-17,173.43174743652344,173.94026260127865,171.8553258542095,172.25366984609144,134278500
2016-03-18,174.11331176757812,174.45407045404377,173.61920257282546,173.93440500776174,138372400
2016-03-21,174.3603515625,174.59037081442185,173.61919430521965,173.8492135571415,72926700
2016-03-22,174.26661682128906,174.83739466432806,173.42323467966955,173.58508657617548,97471900
2016-03-23,173.1165771484375,174.0707118598421,172.94618480787767,173.8832906845147,81052500
2016-03-24,173.03988647460938,173.0739701406084,171.8642599798402,172.08575181239442,84360900
2016-03-28,173.14215087890625,173.67033079045362,172.69063972888446,173.45735334236363,62408200
2016-03-29,174.74374389648438,174.85449633646226,172.42654806953865,172.73323613484362,92922900
2016-03-30,175.51043701171875,176.2345524447843,175.14410908748897,175.7489706836827,86365300
2016-03-31,175.0845184326172,175.84271768963617,174.92265347902105,175.41676275874656,94584100
2016-04-01,176.27720642089844,176.4646276510256,173.77258907203026,174.08780459494284,114423500
2016-04-04,175.70631408691406,176.40488603582435,175.39962618236174,176.2004230997542,63497000
2016-04-05,173.95140075683594,175.71484664072713,173.69582531014103,174.36031367208346,99662200
2016-04-06,175.8511962890625,175.91083620681303,173.77253456987023,173.95144132401163,91839800
2016-04-07,173.74696350097656,175.11853850205043,173.01432071159965,174.76073802339323,113859000
2016-04-08,174.21554565429688,175.36562902818736,173.6788383465998,174.93114673181876,95040600
2016-04-11,173.80661010742188,175.5530274864749,173.71289952613287,174.85445533520982,83757500
2016-04-12,175.42523193359375,175.7063636753675,173.5339914882865,173.9769881419096,115350600
2016-04-13,177.19720458984375,177.28240075323265,176.20898629061412,176.34529495239258,96336400
2016-04-14,177.20574951171875,177.70838616366478,176.85647637956114,177.25687501801877,65212900
2016-04-15,177.00982666015625,177.3420709799407,176.68609675914638,177.20576228487204,75761600
2016-04-18,178.25360107421875,178.28767174466802,176.3453185512785,177.00980711748485,82531000
2016-04-19,178.81585693359375,179.07143246643165,177.99803082744637,178.67956124864358,88316100
2016-04-20,178.9862518310547,179.68481109835025,178.3813901613822,178.8584575632644,81100300
2016-04-21,178.02359008789062,179.11403358058067,177.75097271516222,179.0032811480208,85695000
2016-04-22,178.02359008789062,178.29619446150724,177.1205677891734,177.66578953551843,99251700
2016-04-25,177.71690368652344,177.75950177629514,176.80535396203425,177.41873005723343,66166500
2016-04-26,177.98097229003906,178.49212330774736,177.50390493970355,178.0831972939366,75864200
2016-04-27,178.3472900390625,178.7391611977084,177.23980489665044,177.5976053889787,77329400
2016-04-28,176.7286834716797,178.6965930082362,176.31125599369,177.58912067967339,97216200
2016-04-29,175.7744903564453,176.4560205627091,174.66700539615505,176.10673454462165,142424100
2016-05-02,177.17161560058594,177.35050931189107,175.84263889160513,176.277108046739,62188000
2016-05-03,175.62969970703125,176.1749213728247,174.88001504189907,175.93638770648442,106422100
2016-05-04,174.65003967285156,175.36565385077824,174.14741596385966,174.6330108346273,92243800
2016-05-05,174.6159210205078,175.47634508249976,174.18996619789823,175.11854459140085,67619200
2016-05-06,175.2548065185547,175.29740458927776,173.68729630915158,173.84063376482734,89315000
2016-05-09,175.39971923828125,175.834188583938,174.94820805580088,175.12711484466703,74374900
2016-05-10,177.58059692382812,177.59763875974392,176.0386422508062,176.1067965953573,77472200
2016-05-11,175.9193572998047,177.6572474101795,175.9193572998047,177.1205531256093,81727000
2016-05-12,175.970458984375,176.76274173534193,174.95668439935457,176.5923494024132,89586300
2016-05-13,174.43702697753906,176.22604256241553,174.1133101281779,175.672306452345,96474600
2016-05-16,176.1578826904297,176.63495003164277,174.54777391428047,174.60741383148715,77486800
2016-05-17,174.51373291015625,176.1749544696479,173.9855399790805,175.8853082488365,114924900
2016-05-18,174.56480407714844,175.7489579338896,173.47436079895985,174.164405514161,120062100
2016-05-19,173.95993041992188,174.24957655198068,172.7502203985806,173.84066360089128,115430500
2016-05-20,175.05889892578125,175.57856427366968,174.52219174706306,174.57330424044417,104990400
2016-05-23,174.82034301757812,175.3570371288105,174.63292189965364,175.07590545192377,58682600
2016-05-24,177.0864715576172,177.40168699736577,175.6126713632845,175.63822761527615,93537800
2016-05-25,178.2876739501953,178.70511441325252,177.0864780659969,177.76800847541446,76621400
2016-05-26,178.3387908935547,178.65400635273156,178.02358843348952,178.42398707151852,55280700
2016-05-27,179.10549926757812,179.11401368486318,178.44952516153782,178.50063766346895,64211200
2016-05-31,178.76475524902344,179.48888380271666,178.2024916425637,179.37813136532273,109879400
2016-06-01,179.13104248046875,179.3099362242069,177.9554030251805,178.15133860135873,69936200
2016-06-02,179.67630004882812,179.69332888556335,178.25361223471606,178.73067964554264,63044700
2016-06-03,179.1395721435547,179.4888582432025,177.92986191953818,179.11401589227415,101757100
2016-06-06,180.0511016845703,180.40890216169484,179.33548773121223,179.49735263733956,64887000
2016-06-07,180.3322296142578,180.8944931066043,180.17889211585955,180.20444836559258,60974800
2016-06-08,180.9200439453125,181.04783818926535,180.34075163654285,180.46853288138635,66170900
2016-06-09,180.6730194091797,180.79228625294073,179.91482025974642,180.1874246172955,73786900
2016-06-10,178.96067810058594,179.63368104842246,178.41544340983873,179.29292236581597,113829200
2016-06-13,177.58059692382812,179.21626219571885,177.4954137424733,178.35583796909606,117751200
2016-06-14,177.2312774658203,177.82762461876018,176.2771428196919,177.19720679950555,125059300
2016-06-15,176.98422241210938,178.35579741141666,176.79680125699093,177.231270480706,109124500
2016-06-16,177.51242065429688,177.68281299418516,175.144112719887,176.9842407981525,149533100
2016-06-17,176.8512725830078,177.4335772874973,176.19188737740123,177.4078881426937,117055700
2016-06-20,177.990234375,179.49738773353502,177.90459516748987,178.82088503435577,82789600
2016-06-21,178.4955291748047,178.90656875638794,177.93034158343227,178.37564208572988,72461700
2016-06-22,178.20436096191406,179.40323174690326,178.05877166179036,178.67533751313096,95560500
2016-06-23,180.52503967285156,180.57641798398882,179.20628177571822,179.66869964266547,102731400
2016-06-24,174.04258728027344,180.55933673723305,173.5972867167535,174.37655943623474,333444400
2016-06-27,170.92544555664062,172.63812531946584,170.11191221593094,172.62955355795756,230775800
2016-06-28,174.00827026367188,174.0339594161023,172.22708165046885,172.53536454634457,159382400
2016-06-29,176.97122192382812,177.20242430846392,175.30992028583816,175.41267690123186,137328600
2016-06-30,179.3860626220703,179.43744092082238,176.88555190470308,177.44218063017078,165021900
2016-07-01,179.76284790039062,180.25096785475142,179.22334964908833,179.38605630054192,106055300
2016-07-05,178.4698028564453,179.04354902517392,177.87036753588632,178.93222065610226,109803700
2016-07-06,179.54026794433594,179.66015503529505,177.31377846456652,177.97316399819803,96021500
2016-07-07,179.4289093017578,180.3880058677437,178.65820857076355,179.72006174975914,85593800
2016-07-08,182.1006622314453,182.34900810305987,180.49931090775246,180.73052632384315,133971000
2016-07-11,182.7429962158203,183.31675565720252,182.3576457333379,182.56317208846204,73633900
2016-07-12,184.07025146484375,184.36997564443453,182.7686112106832,183.71059028936045,101275600
2016-07-13,184.04458618164062,184.4984453238494,183.55647918972468,184.48988662810038,87324100
2016-07-14,185.07217407226562,185.54316362822968,184.67826503761194,185.31194819771827,91230900
2016-07-15,184.8238525390625,185.8343274056498,184.37855210743746,185.6373728762949,107155400
2016-07-18,185.32046508789062,185.48317171056698,184.68676904870532,184.94367355468347,58725900
2016-07-19,185.13214111328125,185.16638896289643,184.6525928184022,184.90092566156775,54345700
2016-07-20,185.90284729003906,186.14262144447778,185.13214651744477,185.13214651744477,58159500
2016-07-21,185.2006072998047,186.01412747491764,184.75530695691972,185.7914838368292,67777300
2016-07-22,186.03128051757812,186.08265881978258,185.05505357556476,185.32051684809417,62787500
2016-07-25,185.5260467529297,185.87714927186963,184.94374185326316,185.8257709650415,55873100
2016-07-26,185.6116943359375,185.97135556664537,184.7639130349545,185.4232984912746,70080500
2016-07-27,185.41473388671875,186.05698886395425,184.64402007400957,185.98848009837715,84083900
2016-07-28,185.6288604736328,185.92001299254184,184.75538985019188,185.21780778806422,65035700
2016-07-29,185.92857360839844,186.28823491194626,185.08080520243362,185.3633990266599,79519400
2016-08-01,185.7744140625,186.38240818563156,185.32055487761173,185.98849907675722,73311400
2016-08-02,184.5841064453125,185.68022069992873,183.74489682746534,185.52607269118224,92295500
2016-08-03,185.1235809326172,185.1835310065832,184.22443435682175,184.5241455265163,53993600
2016-08-04,185.32046508789062,185.6373065741303,183.4707683248951,185.23482589699591,46585500
2016-08-05,186.8362274169922,186.87904702402943,185.32051524820778,185.32051524820778,71892200
2016-08-08,186.72494506835938,187.12742592545445,186.4594817512779,187.02465623708832,39906500
2016-08-09,186.8362274169922,187.33290611186334,186.51082715027002,186.79342087666444,51251700
2016-08-10,186.3738250732422,187.02463872730806,186.0227225598455,186.9475712682826,57941100
2016-08-11,187.23875427246094,187.48710021435585,186.63931882657914,186.90478216213302,72504300
2016-08-12,187.07603454589844,187.29011953719723,186.6735537169198,186.93044525310967,61313500
2016-08-15,187.6155242919922,187.96662682206687,187.43570021239086,187.44425890823004,49813500
2016-08-16,186.64788818359375,187.26444101518504,186.64788818359375,187.19594530800688,53213600
2016-08-17,186.99891662597656,187.13593412902034,185.8428657441538,186.68207508355755,75134300
2016-08-18,187.4185791015625,187.45282695333856,186.8619633098963,186.97327862820245,52989300
2016-08-19,187.14454650878906,187.32438366646218,186.4594849304642,186.94759195835627,75443000
2016-08-22,187.13595581054688,187.3671712403833,186.5365204986652,186.90474038071045,61368800
2016-08-23,187.51280212402344,188.0523005953639,187.45285204200178,187.75257631868283,53399200
2016-08-24,186.55368041992188,187.4613987593826,186.13406910197543,187.36720083358696,71728900
2016-08-25,186.4252166748047,186.84482798172021,186.01417713064373,186.16831205968725,69224800
2016-08-26,186.07411193847656,187.6412156987997,185.18352409219543,186.6136103171795,122506300
2016-08-29,186.9904022216797,187.25586553001068,186.1683100754085,186.20257099263847,70502200
2016-08-30,186.6820526123047,187.18728989391553,186.12543703991398,186.90469622791963,58114500
2016-08-31,186.15118408203125,186.46802568485555,185.37191158494963,186.34813861351304,85269500
2016-09-01,186.1597900390625,186.45094256242362,184.99516687890392,186.14265957689005,97844200
2016-09-02,186.99891662597656,187.4270865229572,186.4251705320275,187.01604708053412,79293900
2016-09-06,187.56410217285156,187.64116961753666,186.56218619182087,187.2815084756314,56702100
2016-09-07,187.54701232910156,187.72684947234944,186.93901826710024,187.40143610204896,76554900
2016-09-08,187.118896484375,187.48712957310818,186.810613482974,187.2130944311007,74102900
2016-09-09,182.64016723632812,185.85144176303595,182.61447808545122,185.80006346128212,221589100
2016-09-12,185.2605743408203,185.66305514678442,181.80952552375706,181.87803428506055,168110900
2016-09-13,182.59738159179688,184.24155288727647,181.97225702633867,183.9760895677002,182828800
2016-09-14,182.5288848876953,183.85621464003526,181.97226905609122,182.64877197758142,134185500
2016-09-15,184.35292053222656,184.73827101582668,182.18638083252827,182.36621802712284,134427900
2016-09-16,183.64022827148438,183.91564758728742,182.95170624740834,183.7349020197022,155236400
2016-09-19,183.67465209960938,184.9398316046252,183.34759496335045,184.29433239319732,80250500
2016-09-20,183.68324279785156,184.69021993018805,183.64882195374113,184.5353064326198,69665300
2016-09-21,185.74888610839844,185.92961855928027,183.70049744695777,184.389032664752,110284400
2016-09-22,186.91940307617188,187.22064137688324,186.51490220860666,186.76448952681312,76678700
2016-09-23,185.89520263671875,186.66119463948525,185.80052887760303,186.52348496573194,73630900
2016-09-26,184.38900756835938,185.2410581291245,184.19104501976238,185.06032570284137,89827300
2016-09-27,185.53367614746094,185.62833674914228,183.85536784384433,184.2254608538307,78494800
2016-09-28,186.45455932617188,186.60948593349318,184.79348134020728,185.75742242500695,87411000
2016-09-29,184.76768493652344,186.65254470412683,184.21685947713974,186.2480308210012,128070600
2016-09-30,186.16201782226562,186.86775695932013,185.35298985748946,185.6025771646541,117202900
2016-10-03,185.71446228027344,185.93823065688858,185.0775648707597,185.7488962660405,83512100
2016-10-04,184.76768493652344,186.05008140991256,184.17383670325754,185.82631308140867,119948100
2016-10-05,185.5853729248047,186.01570583006446,185.3271705551052,185.39602539587293,72816000
2016-10-06,185.71446228027344,185.93823065688858,184.81937564109518,185.36158615610836,62927400
2016-10-07,185.0775909423828,186.16203839060913,184.3460328007503,185.9899078356791,89788300
2016-10-10,186.04153442382812,186.5062882072697,185.89522280436097,186.04153442382812,51855000
2016-10-11,183.69186401367188,185.68001270355688,182.96030608826086,185.6111578753919,130367400
2016-10-12,183.932861328125,184.45786789847287,183.33038486862884,183.82957252016578,73866100
2016-10-13,183.3303985595703,183.82958624838614,181.78121078436132,182.59884058410307,101357000
2016-10-14,183.4250946044922,184.77634624006126,183.34763783286186,184.31157934484307,93346200
2016-10-17,182.78814697265625,183.65741441833208,182.60740143542554,183.39921213630834,58275700
2016-10-18,183.932861328125,184.44925283705885,183.55416634194418,184.38901307073857,76869700
2016-10-19,184.4234619140625,184.73330211954334,183.8382154885529,184.1996935394943,66519200
2016-10-20,184.0791778564453,184.6386052893281,183.41646161282907,184.07056279479988,73639800
2016-10-21,184.16526794433594,184.25133977916985,183.11525459640927,184.07920924222017,89089100
2016-10-24,184.9484100341797,185.31850303072093,184.59553402491588,185.04308376513552,60146600
2016-10-25,184.3287811279297,185.0259182805126,184.16525253505873,184.76771593033303,66542300
2016-10-26,183.9586639404297,184.5439102252203,183.26151379618526,183.50251223825043,75705500
2016-10-27,183.4680938720703,184.71605643011975,183.39063711591282,184.68163558273272,77220200
2016-10-28,182.9259033203125,184.12222825678606,182.21156226323424,183.44230805330568,140623200
2016-10-31,182.9344940185547,183.48531953178232,182.77096543712963,183.2615380486886,61272500
2016-11-01,181.6090850830078,183.31321281649156,180.39555629019816,183.2615618371926,122781800
2016-11-02,180.51600646972656,181.6865122032408,180.077058611712,181.299202179648,103330800
2016-11-03,179.68978881835938,180.94636655388044,179.41438261567328,180.73120012286577,88939300
2016-11-04,179.49188232421875,180.64517151854142,179.34557069204826,179.80172258432094,109122100
2016-11-07,183.4508514404297,183.48528541575683,179.49179790419973,179.49179790419973,109794900
2016-11-08,184.277099609375,184.8451420185963,182.7881518997924,183.05495611641376,106772100
2016-11-09,186.23081970214844,186.85049996137897,182.75372345505315,182.77954237146156,258429000
2016-11-10,186.69558715820312,187.89191186035367,185.23245821159472,187.02264430055297,172113300
2016-11-11,186.26527404785156,186.5062593994829,185.31854963293324,185.9726508541159,100552700
2016-11-14,186.41159057617188,186.99685011184275,185.66281558041715,186.79028560524415,94580000
2016-11-15,187.86611938476562,187.86611938476562,186.5923377483642,186.79888912400287,91652600
2016-11-16,187.51324462890625,187.7456280608955,187.12594766406897,187.24644034496762,65617700
2016-11-17,188.4772186279297,188.537458408227,187.55629986761411,187.66819063023303,69797200
2016-11-18,188.05545043945312,188.7181666879563,187.8747048688737,188.54603617908583,86265800
2016-11-21,189.47555541992188,189.50137434123363,188.4857950823933,188.63210668073216,72402600
2016-11-22,189.84568786621094,190.02642035285706,189.11411659015303,189.78543494884917,67429000
2016-11-23,189.9489288330078,190.0005666768912,189.1312989951807,189.32924844097278,56620200
2016-11-25,190.65463256835938,190.6890534112891,190.2156847415441,190.29315462038517,37872300
2016-11-28,189.7595977783203,190.62026360495076,189.6563220815945,190.34485736944254,76572500
2016-11-29,190.1296844482422,190.58583627022938,189.49278703041202,189.7940253125777,69886700
2016-11-30,189.67352294921875,190.91288373543088,189.61327004277254,190.7493551410394,113291800
2016-12-01,188.97637939453125,189.9747416538877,188.61488823352252,189.9747416538877,79040500
2016-12-02,189.071044921875,189.5616307011736,188.70956688420517,189.0624429921866,74840300
2016-12-05,190.2071075439453,190.5513685488572,189.70791989392222,189.90586931511078,67837800
2016-12-06,190.8095703125,190.84400429252008,189.91448382270985,190.39645448126726,59877400
2016-12-07,193.30548095703125,193.36572071439272,190.53413693327656,190.65462958071313,110738100
2016-12-08,193.7788848876953,194.25225366825794,193.01289290922742,193.27971031842955,99714400
2016-12-09,194.94940185546875,194.9666188482964,193.96824338777537,194.00267737343066,88005800
2016-12-12,194.7256622314453,195.33674080623675,194.3039312075628,194.85475686491975,102016100
2016-12-13,196.0251922607422,196.5243798844961,195.3710911327447,195.38830812189892,110477500
2016-12-14,194.40719604492188,196.42975280505453,193.9682480798635,195.72401367466105,142501800
2016-12-15,195.20758056640625,196.06824624546644,194.4157697175968,194.64815312810353,124972600
2016-12-16,194.8258056640625,195.726181191555,194.5054866143451,195.66557314965038,156420200
2016-12-19,195.25,195.6742166144554,194.8604203227072,195.00759428034576,90341100
2016-12-20,196.0032196044922,196.15040679579207,195.55304503034776,195.786784948034,89838800
2016-12-21,195.45782470703125,196.04652066623635,195.45782470703125,195.87337557294802,67909000
2016-12-22,195.12017822265625,195.43184466036257,194.72193263720578,195.31064177959473,56219100
2016-12-23,195.4058074951172,195.41446012291703,194.97293832298777,195.16338860541543,36697800
2016-12-27,195.8906707763672,196.2889031226138,195.65691766262628,195.67423613293508,42672500
2016-12-28,194.2716827392578,196.16765186166043,194.15914573531597,196.15034660574264,64095000
2016-12-29,194.2284698486328,194.6959629034167,193.78693468620676,194.3410068893433,48696100
2016-12-30,193.51852416992188,194.64398685218566,192.8259307339041,194.55740771888804,108998300
2017-01-03,194.99891662597656,195.50969909754534,193.82151190584895,194.82575838262778,91366500
2017-01-04,196.15902709960938,196.30620105653207,195.3192597141345,195.32791234332257,78744400
2017-01-05,196.0032196044922,196.1590594264061,195.2067416539408,195.89068256601763,78379000
2017-01-06,196.70440673828125,197.1718996120664,195.57027845850288,196.11569781968407,71559900
2017-01-09,196.05517578125,196.58327687346736,196.02053883841302,196.4447555223657,46939700
2017-01-10,196.05517578125,196.91224856967992,195.66558283001118,196.07248104254538,63771900
2017-01-11,196.60922241210938,196.60922241210938,195.30194879751116,195.96857115415494,74650000
2017-01-12,196.11575317382812,196.30621671212265,194.7565505161322,196.0897820740718,72113200
2017-01-13,196.56591796875,196.86891850056966,196.2542515979421,196.28887532353392,62717900
2017-01-17,195.8733673095703,196.33220773198286,195.48378756357593,195.92530951435313,61240800
2017-01-18,196.30618286132812,196.34947242349787,195.57029993480117,196.12437198426298,54793300
2017-01-19,195.57901000976562,196.52266191195307,195.1461407104001,196.38414056572665,66608800
2017-01-20,196.29754638671875,196.79101044772725,195.6309240627816,196.26290945008472,129168600
2017-01-23,195.78680419921875,196.35819491888122,195.02496311645984,196.29760007837882,75061600
2017-01-24,197.0421142578125,197.45766509459938,195.8906803134804,196.00321735066092,95555300
2017-01-25,198.74755859375,198.74755859375,197.8298648497437,197.99435724923651,84437700
2017-01-26,198.53985595703125,198.8688408874554,198.26281323454268,198.60045079624805,59970700
2017-01-27,198.2281494140625,198.76490306768792,198.04633851292922,198.61772910492357,59711100
2017-01-30,196.9988250732422,197.56154989062253,196.01188357760145,197.53557878890484,79737300
2017-01-31,196.98150634765625,197.04211439166787,195.93397001940147,196.50534746657547,75880800
2017-02-01,197.05941772460938,197.89918523117447,196.47072181203163,196.98150442031928,79117700
2017-02-02,197.189208984375,197.47490419800477,196.36676027186869,197.05934031811552,69657600
2017-02-03,198.54849243164062,198.7303033547446,197.78665142703923,198.0983178594153,80563200
2017-02-06,198.1935272216797,198.53983058052742,197.85588970312966,198.14158502038313,57790100
2017-02-07,198.2021942138672,198.82552705329329,198.0117306679246,198.5831213057523,57931200
2017-02-08,198.46189880371094,198.59175429486405,197.6567551281981,198.20217461128354,51566200
2017-02-09,199.63929748535156,199.94229802532618,198.46189263173522,198.46189263173522,65955200
2017-02-10,200.4271240234375,200.65222449762322,199.6566172536117,199.985602125039,66015900
2017-02-13,201.51797485351562,201.77769907197353,200.89464201326567,200.92061311409918,55182100
2017-02-14,202.32308959960938,202.33175543929215,200.98985809048764,201.33614821464042,71109000
2017-02-15,203.37930297851562,203.5697665204438,202.05472402518362,202.10666622568726,86785800
2017-02-16,203.20614624023438,203.58707330222083,202.45295795592938,203.40526240077406,84722400
2017-02-17,203.5264892578125,203.5264892578125,202.52222928693737,202.5395477581933,77204100
2017-02-21,204.73849487304688,204.9116399244706,203.89006166386557,203.89872750301518,88946100
2017-02-22,204.5566864013672,204.78177364986763,204.16710672852687,204.33159915286677,62115200
2017-02-23,204.69525146484375,205.09348385190452,203.93339721464244,205.07617858994442,74615900
2017-02-24,204.95497131347656,204.99824767757306,203.80353733186945,203.84682690608932,82381600
2017-02-27,205.27523803710938,205.44838307971168,204.61728159117266,204.868339921428,56515400
2017-02-28,204.72122192382812,205.1367727816653,204.3316421689731,204.89436701374999,96961900
2017-03-01,207.58676147460938,208.05426762849893,206.36606710737806,206.38338557496067,149158200
2017-03-02,206.27952575683594,207.40498850158158,206.22758355802213,207.3963226616981,70246000
2017-03-03,206.40939331054688,206.57388575648002,205.81203156905175,206.1929586627659,81974300
2017-03-06,205.7947235107422,206.14966628858443,205.18869593709636,205.61291259662397,55391500
2017-03-07,205.18002319335938,205.8466455329481,204.972241199039,205.49168957977946,65103700
2017-03-08,204.79908752441406,205.7340866443304,204.66056620069597,205.4743624648891,78168800
2017-03-09,205.05880737304688,205.38779220739912,204.08918454773956,204.92028605225434,90683900
2017-03-10,205.7774200439453,206.06311538117748,204.82510225317142,206.01982580702898,81991700
2017-03-13,205.88128662109375,205.9245761914927,205.3878225068882,205.71679417965117,57256800
2017-03-14,205.09347534179688,205.3878365145119,204.47880831462683,205.3358811004165,59880800
2017-03-15,206.86825561523438,207.2924723254555,205.43112623134135,205.66487937453454,96081800
2017-03-16,206.4613037109375,207.08463645734392,206.13233207986562,207.00672316657324,78344000
2017-03-17,206.09877014160156,206.9161069685925,206.09877014160156,206.72481480620766,89002100
2017-03-20,205.8726806640625,206.38568537526632,205.4814061092052,206.0987471636798,52537000
2017-03-21,203.2293701171875,206.60305326782938,203.0989496933602,206.4813231163934,131809300
2017-03-22,203.7075653076172,203.99450345812716,202.6380782139631,203.26412267551407,97569200
2017-03-23,203.49024963378906,204.62929903603808,203.11636886041887,203.70762587903027,100410300
2017-03-24,203.34243774414062,204.36844726516756,202.55988855920796,203.79458405442713,112504900
2017-03-27,203.1337127685547,203.39456686931302,201.38601284837802,201.6642474929537,87454500
2017-03-28,204.6118621826172,205.0379110147874,202.71633494658943,202.82937480863757,93483900
2017-03-29,204.8031463623047,205.0379163636101,204.0988496259782,204.32492935597222,61950400
2017-03-30,205.45530700683594,205.65530268652503,204.5684215614003,204.74231988790189,56737900
2017-03-31,204.97705078125,205.64655987380408,204.92486935243195,205.1161614553301,73733100
2017-04-03,204.6205596923828,205.2292103795787,203.38586450761696,205.02922799684075,85546500
2017-04-04,204.75100708007812,204.8379628758166,203.95106417613255,204.33364844923514,56466200
2017-04-05,204.14234924316406,206.4117574503944,203.93366330117362,205.42921271646054,108800600
2017-04-06,204.71624755859375,205.237942568058,203.8380390678011,204.28149508357723,69135800
2017-04-07,204.50750732421875,205.20311375317107,204.02058680422888,204.4640294347363,74412300
2017-04-10,204.62928771972656,205.42923066586496,204.09888917996614,204.64668153331002,67615300
2017-04-11,204.38583374023438,204.49017008978706,202.89028414787975,204.24670976243561,88045300
2017-04-12,203.49024963378906,204.29889616523477,203.26418311507172,204.10760400801504,81864400
2017-04-13,202.16859436035156,203.8902237413726,202.16859436035156,203.1511392150925,92880400
2017-04-17,203.9597930908203,203.9597930908203,202.49032752612953,202.69030996009775,68405400
2017-04-18,203.35105895996094,203.89016089331423,202.6641560880219,203.2206385626272,83225800
2017-04-19,202.97720336914062,204.29015084555806,202.75112362906492,203.9162701486488,68699900
2017-04-20,204.62928771972656,205.0727437267544,203.27286214724873,203.59457472678474,92572200
2017-04-21,203.97715759277344,204.6032022014737,203.5771927562991,204.55103402868073,110389800
2017-04-24,206.22047424316406,206.4291601941839,203.95106593774156,206.22916451577632,119209900
2017-04-25,207.42039489746094,207.76819154765576,206.7769565002496,206.8639122965942,76698300
2017-04-26,207.29000854492188,208.27255354412904,207.24654390441466,207.38565463570836,84702500
2017-04-27,207.46388244628906,207.76820121246766,206.92478036554024,207.61169669287736,57410300
2017-04-28,207.01174926757812,207.75082054729498,206.88131555873875,207.72473645904574,63532800
2017-05-01,207.53338623046875,207.9594483319789,207.1160276676685,207.53338623046875,66882500
2017-05-02,207.61167907714844,207.7942676678446,207.2030107316592,207.6725375181834,57375700
2017-05-03,207.35951232910156,207.7073222286767,206.68129960941886,207.61167616474242,73137700
2017-05-04,207.6029815673828,207.74210553320555,206.75087049500388,207.66385327777712,61462700
2017-05-05,208.4203643798828,208.43775819635567,207.5334654860908,207.97692156678409,62001300
2017-05-08,208.38552856445312,208.6115950415581,207.95946642587268,208.46378081411362,48385700
2017-05-09,208.19424438476562,208.84637302532886,207.8464344825772,208.646390623815,51363200
2017-05-10,208.56813049316406,208.56813049316406,207.9420859206385,208.1507718673442,54293800
2017-05-11,208.14205932617188,208.3072673578563,207.0551783467639,208.1159752440733,62358300
2017-05-12,207.79421997070312,208.18549441425859,207.52467564886686,207.88986601402453,53912700
2017-05-15,208.94204711914062,209.06377728433864,208.20296258698576,208.2203564013263,61918900
2017-05-16,208.75070190429688,209.2637065224087,208.3594274204419,209.23762244132436,51241800
2017-05-17,205.046630859375,208.7507165771963,204.98575915417317,208.7507165771963,172174100
2017-05-18,205.8726806640625,206.72479175848824,204.70753400464056,204.9683881304094,107047700
2017-05-19,207.21176147460938,207.88128412692853,206.30748199431454,206.35965017830912,115011400
2017-05-22,208.26382446289062,208.42903252233745,207.65517366565936,207.72472238454952,61010600
2017-05-23,208.7246856689453,208.88989374790668,208.25514552162417,208.63772985867286,48341700
2017-05-24,209.21160888671875,209.31594524622858,208.6203385584435,208.9594582620386,46927700
2017-05-25,210.21151733398438,210.48976529357435,209.51592397019533,209.72459667229487,64071700
2017-05-26,210.16806030273438,210.33325510867513,209.94198051049034,210.02023277660862,46629900
2017-05-30,209.98544311523438,210.23759371022007,209.68981461970841,209.84631914054245,35201900
2017-05-31,209.9332275390625,210.31581174928218,209.23762109026214,210.28102412966794,91796000
2017-06-01,211.6027374267578,211.62013124169187,210.10718776467147,210.39412600691293,68962000
2017-06-02,212.3070068359375,212.46352461486995,211.3592496925739,211.65487817016762,88666100
2017-06-05,212.15049743652344,212.4200418226832,211.95050176429604,212.13310362424468,44698800
2017-06-06,211.47230529785156,212.14181455849138,211.39403976876997,211.58533191969354,50375400
2017-06-07,211.8635711669922,212.08963766897932,211.14188049408946,211.81140299480992,54144300
2017-06-08,211.9678955078125,212.44612583838824,211.43749700800873,211.95920523547161,65950700
2017-06-09,211.6461639404297,213.03736364270756,210.37668111035583,212.23742082869,132256400
2017-06-12,211.6027374267578,211.65490560396657,210.75062624129717,211.40275499159318,86108100
2017-06-13,212.6374053955078,212.68957356165066,211.79398466262344,212.14178128196951,60067000
2017-06-14,212.36788940429688,212.91566848958766,211.54184910468186,212.90697821659944,78602300
2017-06-15,211.95919799804688,212.0809281446195,210.73319299268545,211.01142764159823,66464900
2017-06-16,212.00547790527344,212.1714915818924,211.12300028970273,212.11906901712646,84553100
2017-06-19,213.77047729492188,213.83163251853753,212.73945115411766,212.8355636474783,65123800
2017-06-20,212.32879638671875,213.42097778453336,212.31133108360427,213.41224513297612,56906400
2017-06-21,212.27638244628906,212.83557881142156,211.80456592945256,212.72200100738837,55977600
2017-06-22,212.18023681640625,212.78312301155248,212.00549047939205,212.2850952844475,44148100
2017-06-23,212.43365478515625,212.76566886400533,211.85697980758178,212.24142979263144,66986800
2017-06-26,212.5734405517578,213.52583284795475,212.36375025939995,213.1064255986545,56700500
2017-06-27,210.86087036132812,212.65205017509882,210.84339172928878,212.35496675958956,82247700
2017-06-28,212.74818420410156,212.94914182989623,211.6472569230281,211.8831718164426,70042600
2017-06-29,210.87838745117188,212.94915909376837,209.66388228260166,212.89673652037996,106949700
2017-06-30,211.2715606689453,212.06667188268318,211.0793356868924,211.69095456965547,86820700
2017-07-03,211.62979125976562,212.6520713530927,211.62979125976562,212.2151988346303,39153800
2017-07-05,212.11907958984375,212.32876985935928,211.18416603061777,211.99675582186276,54427600
2017-07-06,210.1793975830078,211.47253666633034,209.99590523609857,211.35021287915515,65400800
2017-07-07,211.54244995117188,211.6909850346267,210.18814223082148,210.7560846076361,57972300
2017-07-10,211.76959228515625,212.14530960503038,211.23660724925944,211.5424233623595,36663300
2017-07-11,211.61231994628906,211.92686870375482,210.4415047560577,211.7695876588761,50354600
2017-07-12,213.20254516601562,213.36855887450096,212.5821935874882,212.5821935874882,59610400
2017-07-13,213.56085205078125,213.67444322070267,212.98417687897603,213.21135921881884,39471600
2017-07-14,214.55682373046875,214.91506238633556,213.46464246181938,213.56075494675216,60262700
2017-07-17,214.5306396484375,214.86266706254005,214.35589328975448,214.47821707406186,33531900
2017-07-18,214.64422607421875,214.69664864744482,213.77921361911146,214.1199736773733,42742500
2017-07-19,215.80630493164062,215.81503758292976,214.95002514279005,214.95877112637126,51034300
2017-07-20,215.9023895263672,216.18198098670413,215.35192592356373,216.0596572230023,47135200
2017-07-21,215.71017456054688,215.73638584453403,215.0985423814042,215.3257246190141,82340800
2017-07-24,215.65774536132812,215.7975344275309,215.1859155994858,215.6315207458564,46622300
2017-07-25,216.18203735351562,216.51406479826,215.9548683994922,216.40920630753905,54915600
2017-07-26,216.19076538085938,216.50531418170527,215.92865249039903,216.4703702404084,47575400
2017-07-27,215.9897918701172,216.68879063539956,214.6616955493099,216.65384669666707,70766600
2017-07-28,215.7364044189453,215.86746085016472,215.05488431202022,215.50922216177554,50088400
2017-07-31,215.61407470703125,216.234426240792,215.4043710905575,216.138313749778,65838700
2017-08-01,216.09466552734375,216.2519332611237,215.5704130834903,216.21698931993708,55050400
2017-08-02,216.19952392578125,216.33932636367777,215.26461012117937,216.22573521635005,47211200
2017-08-03,215.78009033203125,216.11210439571732,215.50048550756736,216.08589310996032,40856000
2017-08-04,216.17333984375,216.50535401017515,215.78888975729313,216.26945236536423,60191800
2017-08-07,216.57518005371094,216.57518005371094,216.13830753117887,216.24316600254468,31995000
2017-08-08,216.04220581054688,217.48389320613168,215.66650182194394,216.26064208269986,61719400
2017-08-09,216.03347778320312,216.08590035647518,214.9937189723336,215.35195766608217,62632600
2017-08-10,212.9840850830078,215.32572871125976,212.93166251403724,215.1946589565421,120479500
2017-08-11,213.29861450195312,213.8927680051291,212.97533313439985,213.21124800568222,74869900
2017-08-14,215.41310119628906,215.63153746125874,214.54810211967575,214.5830460558626,73291900
2017-08-15,215.3869171142578,215.81505704729705,215.08111430405256,215.7975784108503,55242700
2017-08-16,215.76258850097656,216.31305210727757,215.33444865915462,215.9111235483947,56715500
2017-08-17,212.39866638183594,215.46551982886018,212.39866638183594,215.15097109922414,128490400
2017-08-18,212.06668090820312,213.35981993426535,211.62106237070964,212.2326812795031,136748000
2017-08-21,212.2327117919922,212.4948380283871,211.29781132534652,212.00554283100684,65469700
2017-08-22,214.45204162597656,214.609309375386,212.80066359570327,212.81814223418039,63140100
2017-08-23,213.68313598632812,214.11127595801233,213.33364321960656,213.48217831207793,50203800
2017-08-24,213.18508911132812,214.224834665884,212.9753854706238,214.0675669345757,50741700
2017-08-25,213.68313598632812,214.6005711643403,213.53460089385672,213.9802061712709,64445900
2017-08-28,213.69186401367188,214.24231440838597,213.27245673009799,214.21610311969926,40565600
2017-08-29,213.93649291992188,214.19860578390683,212.25889059666528,212.3724817259202,51135700
2017-08-30,214.95004272460938,215.2209149242336,213.73553748147458,213.9190298318919,62030800
2017-08-31,216.2431640625,216.4878116063398,214.98496907572905,215.57037665079503,103803900
2017-09-01,216.5490264892578,216.9771664750832,216.40049139188042,216.61892771136982,62007000
2017-09-05,214.9937286376953,216.26940241793108,214.0238709916845,216.04222014714927,91398800
2017-09-06,215.7276611328125,216.05968853910946,215.1422535122257,215.67523855966922,57916900
2017-09-07,215.70144653320312,216.0509525692771,215.29078527349876,216.03347393440038,58034700
2017-09-08,215.44802856445312,215.91111231533782,215.2033810482231,215.41307130082615,63832800
2017-09-11,217.74600219726562,217.82463604927855,216.7062434907916,216.72370879193383,71364800
2017-09-12,218.47998046875,218.51492440902808,217.92951675024486,218.11300910051094,56896000
2017-09-13,218.58482360839844,218.61978088064765,218.07804981912886,218.1916409554993,59228000
2017-09-14,218.51492309570312,218.71589408104694,218.08679650147727,218.26154286640372,95446300
2017-09-15,218.80908203125,218.89688212247273,218.26467591091398,218.37004137976422,95432400
2017-09-18,219.27439880371094,219.6256258610072,218.88804100161303,219.17780935318646,46235200
2017-09-19,219.4940185546875,219.58183205804167,219.16913270950405,219.52035992600184,47108100
2017-09-20,219.57302856445312,219.687183431789,218.57201632342853,219.58181795329966,59574100
2017-09-21,218.98471069335938,219.50277548216133,218.80909710036224,219.4149753848919,48211400
2017-09-22,219.0286407470703,219.19547836763041,218.65984814299728,218.6861895148268,51214000
2017-09-25,218.5807647705078,219.125184270504,217.83440372782604,218.77394372236827,57064400
2017-09-26,218.71246337890625,219.2568694266264,218.47537770715965,219.01100776646533,54082000
2017-09-27,219.5642547607422,219.95061271699575,218.5281117509296,219.41498253190946,81001400
2017-09-28,219.82766723632812,219.9066913407259,219.1954476042302,219.28324769851957,44778800
2017-09-29,220.600341796875,220.67937928973376,219.63446049111215,219.81885004471823,85578000
2017-10-02,221.5574951171875,221.5574951171875,220.65305899008868,220.82868598080037,59023000
2017-10-03,222.03163146972656,222.05797283606884,221.4784359796249,221.55747347710866,66810200
2017-10-04,222.2950439453125,222.5409056140124,221.7681898561236,221.88234470175428,55953600
2017-10-05,223.61215209960938,223.6297040759749,222.33014770679983,222.6286920864763,63522800
2017-10-06,223.35751342773438,223.64728183527401,222.9009208447531,223.1643344893746,80646000
2017-10-09,222.98876953125,223.64733058326107,222.7253424307538,223.585871852272,35803100
2017-10-10,223.57704162597656,223.95462352736135,223.0150701668452,223.5594896480193,43057400
2017-10-11,223.9282989501953,223.9282989501953,223.3136447141977,223.4804689080376,47674300
2017-10-12,223.59458923339844,223.9633817180403,223.35750356525176,223.61215460841626,47065100
2017-10-13,223.86685180664062,224.14784428785433,223.59464871450166,224.0336894175539,54800400
2017-10-16,224.16539001464844,224.35856899047826,223.75270409187593,224.0951552947636,38221700
2017-10-17,224.3234100341797,224.36731677481,223.89314541353218,224.11266571822773,31561000
2017-10-18,224.54298400878906,224.74493898581224,224.34980502260714,224.7010322346874,40888300
2017-10-19,224.60443115234375,224.63956191081465,223.3400052150218,223.76148052746242,61903800
2017-10-20,225.76345825195312,225.78982641459802,224.58684598620817,225.4034685192586,89176400
2017-10-23,224.88540649414062,226.11474184795736,224.806382386581,226.0884004787708,63915300
2017-10-24,225.2805633544922,225.5176356871953,224.92054676244217,225.31569411386528,66935900
2017-10-25,224.16539001464844,225.06103677545406,223.03267092769963,224.94688190833867,103715300
2017-10-26,224.4551544189453,225.05224331637783,224.33222356368222,224.78005363521498,69798000
2017-10-27,226.2903289794922,226.4484039824023,224.4639316285266,225.20151672008473,85562500
2017-10-30,225.44740295410156,226.1937775150859,225.14885848909145,225.20154123015686,54285700
2017-10-31,225.79856872558594,226.05321976939624,225.50002434180288,225.82491008895175,60304800
2017-11-01,226.09716796875,226.92256661703226,225.72838879214913,226.58012881018857,54202700
2017-11-02,226.1850128173828,226.3255090745339,224.95570406346206,226.0269645769332,56449500
2017-11-03,226.940185546875,226.98407890526386,225.93037033471043,226.3430697318696,59589700
2017-11-06,227.29136657714844,227.42307342244993,226.73817102996554,226.80840574848744,49652600
2017-11-07,227.13330078125,227.7303896316761,226.6239986229519,227.3967144514631,57502200
2017-11-08,227.5196533203125,227.61625620642917,226.67670269934942,226.95769517197613,50469600
2017-11-09,226.69424438476562,226.88742332847352,225.10489269517504,226.30788649734987,95085500
2017-11-10,226.62399291992188,226.7996198935873,225.99177333040575,226.30789652362077,59984700
2017-11-13,226.8346710205078,227.0629806737163,225.90390723006846,225.93903797600228,50228600
2017-11-14,226.3079071044922,226.4132725748522,225.24540941889353,226.0269146522554,61315200
2017-11-15,225.17514038085938,225.8600426307149,224.46389676742908,225.3331885623081,80811500
2017-11-16,227.08932495117188,227.4581307959458,226.07953706709017,226.1234304023906,67777000
2017-11-17,226.4220733642578,227.06308247964168,226.3430492481562,226.73819662558398,75756800
2017-11-20,226.8083953857422,227.00157434899702,226.42203745923254,226.66792595511632,48075500
2017-11-21,228.2923583984375,228.47677477312163,226.77329483434357,227.58111465870104,69176800
2017-11-22,228.0903778076172,228.43281553629973,227.923540238263,228.3011087175757,45033400
2017-11-24,228.61724853515625,228.72264080707834,228.4416483424521,228.5821445747652,27856500
2017-11-27,228.5031280517578,228.95972072424098,228.30115968668323,228.66117626951154,52274900
2017-11-28,230.82125854492188,230.84759991564025,228.87191672100803,228.9685196115876,98971700
2017-11-29,230.6807403564453,231.48858697648498,230.23293709683463,230.9529434269453,77512100
2017-11-30,232.70037841796875,233.61356385093896,231.5237524664373,231.60277658292972,127894400
2017-12-01,232.2173309326172,232.96370526148561,228.96844679064554,232.48077135293477,164390900
2017-12-04,231.93641662597656,234.27208939515182,231.88370709272849,233.84183811613255,94040600
2017-12-05,231.1022491455078,232.8232812112124,230.97054229299027,231.1022491455078,77994500
2017-12-06,231.14605712890625,231.57633508410774,230.68067522394367,231.19873985045612,75898600
2017-12-07,231.87493896484375,232.19103537529034,230.8827027927501,231.87493896484375,77218600
2017-12-08,233.13941955566406,233.14818214845408,231.83984933383653,232.83208568193703,76563900
2017-12-11,233.84182739257812,233.90329951445207,233.11303170879162,233.84182739257812,83077500
2017-12-12,234.2545166015625,234.72868798333855,233.87694809242296,234.63208511070204,85195800
2017-12-13,234.2281951904297,234.93943892523032,234.14038169789177,234.50039825945632,102905400
2017-12-14,233.2710418701172,234.64084632239314,233.21835914479198,234.52669148521846,100666700
2017-12-15,235.213623046875,235.6813838382932,234.22514944492602,234.2781014640386,144610300
2017-12-18,236.70513916015625,237.05816155620843,236.51097280224522,236.61687682767263,83653600
2017-12-19,235.79608154296875,236.99636301445588,235.72546090706894,236.9522453174292,82382900
2017-12-20,235.67257690429688,236.81990669688057,235.3725064498348,236.766954671616,76751500
2017-12-21,236.1580047607422,236.87291104622133,235.9108863050563,236.29921915454725,67032300
2017-12-22,236.0962371826172,236.21097555698415,235.55785564148545,236.17566522628107,78720900
2017-12-26,235.8137969970703,236.03443941898203,235.54903686433204,235.69022431253285,45244400
2017-12-27,235.9285125732422,236.29036934228577,235.6549181512143,235.98146459467424,57751000
2017-12-28,236.41392517089844,236.45806981323372,236.0432610050545,236.43159380138772,45116100
2017-12-29,235.52244567871094,237.01399004673831,235.32830627669674,236.99634835579502,96007400
2018-01-02,237.2082061767578,237.24351649993596,235.99909021328455,236.38742296658933,86655700
2018-01-03,238.7085418701172,238.8585905159916,237.37585348421428,237.37585348421428,90070400
2018-01-04,239.71470642089844,240.20013584157383,238.77037745689134,239.35287660137044,80636400
2018-01-05,241.31219482421875,241.43574056410353,240.01481641904977,240.509053246363,83524000
2018-01-08,241.75344848632812,241.91230453166736,240.92383100437848,241.21506708750042,57319200
2018-01-09,242.30062866210938,242.92724544128825,241.8946273154796,242.17705600864397,57254000
2018-01-10,241.92991638183594,242.19470335862178,240.87084927633342,241.54158369632094,69574300
2018-01-11,243.6951446533203,243.6951446533203,242.3183380568296,242.4860284568795,62361500
2018-01-12,245.28382873535156,245.4514922305208,243.65987648190006,243.95997393783193,90816100
2018-01-16,244.4453582763672,247.19897173948618,243.74812059375282,246.54587870715207,106555100
2018-01-17,246.7752685546875,247.1636013265169,244.44529885759744,245.38082046230835,113258800
2018-01-18,246.3605499267578,247.0842367018896,245.8662860535045,246.66062043037698,100728000
2018-01-19,247.48129272460938,247.48129272460938,246.36043926451566,246.94291137620584,140920100
2018-01-22,249.4936065673828,249.4936065673828,247.21656187817766,247.2695408342429,91322400
2018-01-23,250.02317810058594,250.3144142509611,249.2112021248752,249.53774860477427,97084700
2018-01-24,249.926025390625,251.26754827284492,248.74338548869366,250.66738054106474,134816100
2018-01-25,250.0319366455078,250.8880301654911,249.23762945665055,250.79096044562263,84587300
2018-01-26,252.92678833007812,252.97093297114546,250.61446024898368,250.87041297873535,107743100
2018-01-29,251.2499237060547,252.79442060712898,251.0910676317917,252.35313577825062,90118300
2018-01-30,248.6727752685547,251.30281497513533,248.19618022710023,249.4141303697716,131796400
2018-01-31,248.7963409423828,250.03193287685758,247.71960505650821,249.52888872295708,108364800
2018-02-01,248.51388549804688,249.8200979361876,247.71957840661423,248.06379340876774,90102500
2018-02-02,243.10385131835938,247.32253369645537,243.06854098644754,247.19012668525886,173174800
2018-02-05,232.93666076660156,243.45690553302475,232.38947175323824,241.3387432186945,294681800
2018-02-06,237.5259552001953,238.02902632455812,228.32076095169552,229.41513861124741,355026800
2018-02-07,236.23739624023438,240.3766225268729,236.15794128128965,236.96991709393592,167376100
2018-02-08,227.37640380859375,236.67869466616017,227.34109348412244,236.537480302161,246449500
2018-02-09,230.79193115234375,232.6541399247731,223.21948299983993,230.17412171031333,283565300
2018-02-12,234.1810302734375,235.6549334560519,230.93318038986496,232.84834146844216,143736000
2018-02-13,234.76348876953125,235.3106775542343,232.38937464192566,232.97187374838228,81223600
2018-02-14,237.93186950683594,238.29372617494488,233.2630700710332,233.2719043834366,120735700
2018-02-15,240.968017578125,240.97685189446338,237.20826182719782,239.67947328561462,111200300
2018-02-16,241.03851318359375,242.98901092796007,240.29715812803184,240.34130275786168,160420100
2018-02-20,239.52938842773438,241.5328386940108,238.73508116000534,240.0854115953109,86369700
2018-02-21,238.33787536621094,242.45948665527047,238.2408056524626,239.97063427773688,98883700
2018-02-22,238.64683532714844,240.98563958494128,237.97610068752368,239.2646448747416,110511300
2018-02-23,242.45066833496094,242.45066833496094,239.39698529899417,239.87358038725222,92766400
2018-02-26,245.26609802246094,245.36319468866208,242.93612817417701,243.52743475109247,86491400
2018-02-27,242.20352172851562,246.1662767763648,242.1417354044071,245.45137076031725,99099200
2018-02-28,239.7500457763672,243.75691962479766,239.43233362302615,243.30680047367562,121907800
2018-03-01,236.2638702392578,241.09152656979737,234.76349128829776,239.5381956025807,176855100
2018-03-02,237.4817657470703,238.04662309952937,233.72203836355362,234.58693915042016,139083200
2018-03-05,240.22657775878906,240.84438713964866,236.18439464515035,236.29032560229226,97307400
2018-03-06,240.8356475830078,241.28576679284404,239.33526817281535,241.20631181025567,79213200
2018-03-07,240.74732971191406,241.1003521582467,238.4703120392654,238.66447842483126,87063500
2018-03-08,241.9123077392578,242.03585346486528,240.4295974286648,241.42687834910672,66901200
2018-03-09,246.1222381591797,246.1222381591797,243.0067678128822,243.32450694953073,113625300
2018-03-12,245.81324768066406,247.04003221511033,245.42491494557916,246.41341541099396,71924800
2018-03-13,244.22470092773438,247.48138544168208,243.61572564893822,246.9783142228694,91968900
2018-03-14,242.97140502929688,245.3719954672908,242.41540879449664,245.18666338902403,105895100
2018-03-15,242.70657348632812,244.12749722465873,242.2035024880618,243.48323883090507,83433000
2018-03-16,242.96986389160156,244.02433040636177,242.91669978512317,243.23568442399355,100343700
2018-03-19,239.68235778808594,243.147029053305,238.02534697466785,242.21663029936443,109208400
2018-03-20,240.0900421142578,240.7280384811627,239.40772429415247,240.0811724152647,59757300
2018-03-21,239.6291961669922,242.14572931049537,239.4165397734384,240.0456662988744,78709600
2018-03-22,233.6391143798828,238.24684015393413,233.36439718998307,237.39618766425244,148785900
2018-03-23,228.6591339111328,234.4099674488483,228.464189943045,234.0821132847345,183534800
2018-03-26,234.91506958007812,235.1986294118034,229.86429190602186,232.27449639217895,141956100
2018-03-27,230.91879272460938,236.38604127171342,229.35924045775252,235.85440030961038,129941400
2018-03-28,230.2364501953125,232.72642796016544,229.128819907751,231.05167798533,146452300
2018-03-29,233.1783447265625,235.04803889006126,230.24534161174782,231.37955405153937,111601600
2018-04-02,228.14524841308594,233.16060140717715,225.6641539602487,232.6466458301435,186286300
2018-04-03,231.06939697265625,231.54790084231985,227.58701373854828,229.38580429555046,119956900
2018-04-04,233.5416259765625,234.25049853560776,227.3743481792535,227.50725840385513,123715300
2018-04-05,235.38470458984375,236.2708086841436,234.2150406953478,235.30493142461597,82652600
2018-04-06,230.1389923095703,234.91508006026478,228.61489194824514,233.41758878599526,179521200
2018-04-09,231.2732391357422,234.6758766504294,230.3339706727079,231.6010934239275,105442900
2018-04-10,234.95054626464844,235.73919206003762,233.02771510544727,234.1707701654905,103529000
2018-04-11,233.7189178466797,235.38479853552198,233.39106352761723,233.4619399850787,91140200
2018-04-12,235.64169311523438,236.5898311382817,234.87078675618375,235.04801842018043,68890500
2018-04-13,234.95054626464844,237.06834849039592,233.9404014392897,236.9531506064171,85079200
2018-04-16,236.8822784423828,237.65321198900477,235.76580528164826,236.58987588741337,63405300
2018-04-17,239.41656494140625,240.0191094809888,238.1405723624303,238.65450104813024,64682000
2018-04-18,239.59376525878906,240.40009641072194,239.13297369567496,239.85958574384844,57303900
2018-04-19,238.2645721435547,239.14180665123268,237.22781832759082,238.93799294949505,77655900
2018-04-20,236.24427795410156,238.41524452186007,235.35817356591602,238.19371842481368,99953100
2018-04-23,236.20884704589844,237.37851129761083,235.12779863902955,236.82026122103179,65558000
2018-04-24,233.02772521972656,237.45824684655548,231.52133704990155,237.23672076521405,112885500
2018-04-25,233.60366821289062,234.04672033876062,231.14029947472375,232.96567206996764,103840900
2018-04-26,235.9784393310547,236.81137955531955,234.18851833942054,234.63157049948663,67731900
2018-04-27,236.199951171875,236.89111141824148,235.26068281249894,236.58983921256956,57053600
2018-04-30,234.3834991455078,237.37853654414712,234.31259564538834,236.82028640819505,82182300
2018-05-01,234.79995727539062,234.90628547835206,232.2568148930129,233.8163673144759,74203400
2018-05-02,233.22268676757812,235.42020835279004,232.83279867179667,234.60500745561788,86368900
2018-05-03,232.70870971679688,233.36441825326074,229.54531083801862,232.3897251450331,136311500
2018-05-04,235.7214813232422,236.40379901383028,231.4061572480976,231.73401154742743,91222100
2018-05-07,236.5189666748047,237.49365975087818,235.80119732849968,236.49238462803464,55304900
2018-05-08,236.5189666748047,236.88224563341004,234.95054479010096,236.14679097826715,67499200
2018-05-09,238.8050994873047,239.13295373876954,236.66958496301973,237.1923832345118,59666100
2018-05-10,241.03810119628906,241.36598252854432,239.44312414564342,239.5494523434519,72063900
2018-05-11,241.77357482910156,242.03939531467498,240.64820500940436,241.16216067052423,59871500
2018-05-14,241.8887481689453,242.86344121162435,241.33934081825976,242.2077327192572,54790600
2018-05-15,240.22293090820312,240.6748258064327,239.27479262074428,240.6571134517956,87036100
2018-05-16,241.23301696777344,241.69380849328593,240.2317148194943,240.25832390758728,53942600
2018-05-17,241.02920532226562,242.11025349755755,240.24942932149725,240.96717153998782,56536400
2018-05-18,240.42666625976562,241.0469500824416,240.0722299504181,240.68364407678934,64368000
2018-05-21,242.23428344726562,242.77482103219478,241.52541095482815,241.9152989381944,58025900
2018-05-22,241.5609130859375,243.0141373155635,241.2330587770431,242.7571594619324,52966400
2018-05-23,242.22540283203125,242.25201191500642,240.12534045006856,240.2848597391646,64694200
2018-05-24,241.729248046875,242.10142376021437,239.93932705278604,241.8267335839373,76043800
2018-05-25,241.15330505371094,241.7824316008058,240.64821905987307,241.15330505371094,56374800
2018-05-29,238.37974548339844,240.28489117345072,237.26327256417414,239.5228274890789,115908600
2018-05-30,241.5609130859375,242.00396529617555,239.62036928351492,239.6912457387782,69678400
2018-05-31,240.08116149902344,241.45461269224737,239.47861691372285,241.15334039959708,93519900
2018-06-01,242.43817138671875,242.7394436403648,241.31280148206613,241.38370497807728,71258400
2018-06-04,243.59005737304688,243.8470351819398,243.02296470438506,243.2622031212298,45385200
2018-06-05,243.76730346679688,244.14832183379113,242.9520755952727,243.7229820258101,51135000
2018-06-06,245.80528259277344,245.91161076270495,243.75838419633496,244.3786679099385,62732200
2018-06-07,245.77879333496094,246.5851516503553,244.86610680949477,246.29274907265787,72969400
2018-06-08,246.5053253173828,246.55848940512718,245.14958699639402,245.31794895483577,72139700
2018-06-11,246.8331756591797,247.55091787420045,246.6116496164757,246.7268474853623,58892500
2018-06-12,247.15231323242188,247.5155923309306,246.50544712289178,247.24977176085906,72329000
2018-06-13,246.3636016845703,247.64846386267786,246.15978794048652,247.39148601870437,79070600
2018-06-14,246.98387145996094,247.51551242848072,246.39016965610276,247.23197959252295,77097600
2018-06-15,246.6688232421875,247.00705928887353,245.08447583654532,246.19708011475444,120041600
2018-06-18,246.1613311767578,246.28595582438538,244.72831070809175,245.20893592934766,52917600
2018-06-19,245.2179718017578,245.44049264731294,243.4645064522558,243.882846728427,97531500
2018-06-20,245.6362762451172,246.30383868440023,245.29804026310413,245.90329035555632,53785500
2018-06-21,244.096435546875,245.6451989601407,243.59799107183375,245.62737990969782,71061400
2018-06-22,244.54148864746094,245.47609245431548,244.31896781199862,245.360377273765,54898500
2018-06-25,241.21261596679688,243.54463026951655,239.52146283730633,243.38442176700713,137854200
2018-06-26,241.74658203125,242.60105422502414,241.02561687350598,241.78219296191847,68547400
2018-06-27,239.74392700195312,243.76709348269537,239.5926008987993,242.33407249939205,105110700
2018-06-28,241.11471557617188,241.88017429457747,238.97849359425953,239.69057664262726,76650500
2018-06-29,241.4617462158203,243.5801483744462,241.34603106482598,242.20941277242105,97592500
2018-07-02,241.9780731201172,242.13830878477268,239.64605883261072,239.88639874799833,63554800
2018-07-03,241.12356567382812,242.97495418865134,240.6963430651668,242.87703089870828,42187100
2018-07-05,243.09059143066406,243.15290376914157,241.17691812722944,242.25393827571824,56925900
2018-07-06,245.14678955078125,245.52060937893984,242.7346439047893,243.1174004226343,66493700
2018-07-09,247.35415649414062,247.40755932186144,246.1080452420086,246.15253854404656,50550400
2018-07-10,248.2441864013672,248.34210967323426,247.5143116953842,247.80805434780328,51966800
2018-07-11,246.428466796875,247.4787858090466,246.12584171309285,246.68659857779068,77054700
2018-07-12,248.66258239746094,248.7159852256752,247.08714463876333,247.6923948006506,60124700
2018-07-13,248.85838317871094,249.16100823698338,248.03061224021403,248.48456340921584,48216000
2018-07-16,248.63587951660156,249.04531025155845,248.1908378419825,248.9029208192859,48201000
2018-07-17,249.6416015625,250.0332402892301,247.80803259789081,247.86143540942857,52315500
2018-07-18,250.16673278808594,250.27353840495806,249.27664976324732,249.72169127566664,44593500
2018-07-19,249.2233428955078,249.88199589522554,248.74269027137362,249.49926656637274,61412100
2018-07-20,248.93841552734375,249.65049824986895,248.77820710096748,249.01851974053187,82337700
2018-07-23,249.40138244628906,249.60608424622873,248.38667432015504,248.73381988852404,47047600
2018-07-24,250.6563262939453,251.50191623086312,249.7840621097402,250.81656191996132,68026900
2018-07-25,252.79254150390625,253.1129584216084,250.3626045585958,250.407097853882,78882900
2018-07-26,252.1962127685547,252.8815671683263,251.9736919313731,252.07161522459083,57919500
2018-07-27,250.4872589111328,252.62345343835037,249.5615646561699,252.52553014866635,76768700
2018-07-30,249.1787872314453,250.72752321105114,248.65361427245662,250.56731476416402,63742500
2018-07-31,250.40711975097656,251.0212793934621,249.56155692430997,249.9442862194281,68570500
2018-08-01,249.98875427246094,251.1191773198077,249.3390109215254,250.6118233771332,53853300
2018-08-02,251.35064697265625,251.51973781682184,248.47566801083602,248.68039695741854,63426400
2018-08-03,252.4276580810547,252.48106091208592,251.2972347767843,251.47526232234821,53935400
2018-08-06,253.35330200195312,253.66480939990927,252.07157998591208,252.4632187776571,39400900
2018-08-07,254.1900177001953,254.57277422471057,253.88739258915814,254.02092683616098,43196600
2018-08-08,254.08322143554688,254.48376986499576,253.62038780680828,254.02093623625717,42114600
2018-08-09,253.736083984375,254.5371536200314,253.6025769056306,254.14551474692118,35717000
2018-08-10,252.03594970703125,252.8370191147773,251.3238668843375,252.29408142795666,77076000
2018-08-13,251.09254455566406,252.92611427411336,250.7988018082594,252.3119545257483,65732900
2018-08-14,252.6946258544922,252.9349657132084,251.43072286782095,251.82236166562507,43842000
2018-08-15,250.80772399902344,251.48419614168512,249.36579309551183,251.34177952411463,102925400
2018-08-16,252.83706665039062,253.7093580859957,252.2139974587888,252.24960839741422,69967900
2018-08-17,253.72718811035156,254.1722298389059,252.22294489478253,252.63237567935892,65618500
2018-08-20,254.27008056640625,254.53709466204705,253.7271156876917,254.18106681346475,39807500
2018-08-21,254.86634826660156,255.72972981335212,254.30559166282248,254.78624406080112,67272000
2018-08-22,254.7151336669922,255.24027952091583,254.18996064988363,254.45700192076364,44993300
2018-08-23,254.376953125,255.40054364514955,254.05650896274636,254.53716162453142,49204900
2018-08-24,255.9078826904297,256.0502992915995,254.90208411936035,254.95548694940038,57487400
2018-08-27,257.9283142089844,258.0351198491937,256.9492172350919,257.1094256954059,57072400
2018-08-28,258.0529479980469,258.49798962340253,257.59008732323844,258.3911568162417,46943500
2018-08-29,259.4415588378906,259.6729620862662,258.026329275311,258.26664205126815,61485500
2018-08-30,258.3911437988281,259.3346298239958,257.79480326227804,258.96081008891326,61229500
2018-08-31,258.4000549316406,258.8450965373461,257.49217983474773,257.98171473575013,66140800
2018-09-04,257.9549255371094,258.31095326787135,256.94912750440506,257.9816269378371,57594400
2018-09-05,257.2608337402344,257.803798801829,256.24615267185345,257.59906981742563,72452400
2018-09-06,256.48638916015625,257.67018791507263,255.45388934433913,257.3675628736894,65909900
2018-09-07,255.98802185058594,256.9671191401777,255.19583449162755,255.43617442277773,73524800
2018-09-10,256.4329833984375,257.26966380574373,256.2371640017662,257.00262253945493,50210900
2018-09-11,257.2785339355469,257.7235755283523,255.43608238535157,255.78320070288459,50530500
2018-09-12,257.3408203125,257.9460702984828,256.548660482089,257.2874174998062,59810800
2018-09-13,258.86285400390625,259.04979101093943,258.1240969884627,258.40893009740637,51034200
2018-09-14,258.90740966796875,259.25452799661804,258.1241320934378,259.0676181273453,55079900
2018-09-17,257.5366516113281,258.88956820088225,257.26072801190054,258.8539844328915,68244000
2018-09-18,258.9341125488281,259.53045309429,257.7235852458988,257.7502866559466,61930400
2018-09-19,259.2100524902344,259.62839271610574,258.8629069745772,258.9875316714344,49080600
2018-09-20,261.31072998046875,261.63117419966807,259.22793762685814,260.47407639094956,100360600
2018-09-21,261.0718994140625,262.17166760900335,260.91096571318764,262.0554286185444,105479700
2018-09-24,260.2046813964844,260.6338653373801,259.6235135690867,260.4908040237482,53409600
2018-09-25,259.96319580078125,260.7678915515337,259.7217952613995,260.6606024229196,44370000
2018-09-26,259.1854248046875,261.29551793141025,258.7651906940392,260.10635990425845,79739700
2018-09-27,259.9095458984375,261.00036416052205,259.38202283615465,259.6591955080974,59249500
2018-09-28,259.9364318847656,260.43713278815665,259.2479749641412,259.28371982427427,70091400
2018-10-01,260.83941650390625,261.91233499670744,260.16883221360126,261.17915629063265,62078900
2018-10-02,260.6875,261.40277925478745,260.31198794139067,260.6875,47258200
2018-10-03,260.8304443359375,262.1626629471469,260.4728048689311,261.74242906972523,64694600
2018-10-04,258.7919616699219,260.40135348858934,257.20044228083,260.34770891371056,111545900
2018-10-05,257.3434753417969,259.5340346720849,255.9128898342961,259.0154614097672,105951700
2018-10-08,257.3434753417969,257.7011148971348,255.2691277202282,256.6549912294686,87742200
2018-10-09,256.9679260253906,258.2733226301009,256.4046307868371,256.9590034550066,74339000
2018-10-10,248.83145141601562,256.5297727936902,248.4559395163103,256.4582285267939,214731000
2018-10-11,243.35061645507812,249.36797624859483,241.73224769141424,247.7406849143164,274840500
2018-10-12,246.7303466796875,247.74962070532246,243.5294087611428,247.4634981666313,183186500
2018-10-15,245.34445190429688,247.70492188005264,245.2550352016734,246.37267576910017,102263700
2018-10-16,250.70912170410156,251.08466093328602,246.83762686047461,247.31150536031086,118255800
2018-10-17,250.75381469726562,251.37967695866226,248.16981695761956,250.74486484237013,110626000
2018-10-18,247.13270568847656,250.4141107837629,245.85413127862012,249.8150433637194,134557500
2018-10-19,246.99856567382812,249.7255977468995,246.30115905043024,247.78538899994814,139901600
2018-10-22,245.88990783691406,247.9910505580013,245.35343483500122,247.6691831285438,82415800
2018-10-23,244.63807678222656,245.7646671199047,240.16751485321126,242.25976184779765,146352700
2018-10-24,237.22598266601562,244.77229586364612,236.67163717052796,244.38780667399675,177806700
2018-10-25,241.4818878173828,243.028712238642,238.03957658084008,239.06780048082615,138061500
2018-10-26,237.2349090576172,242.30454003774642,234.51682611429473,237.76245955881376,201574600
2018-10-29,235.92051696777344,241.63390908095198,232.3351443089795,240.3374350095364,160749100
2018-10-30,239.41653442382812,239.7294793085016,235.2589160593168,235.7506943884187,157116000
2018-10-31,241.97378540039062,244.29848446398566,241.51777907680176,241.99165783588313,128296300
2018-11-01,244.5487518310547,244.74545769922514,241.75017496005526,242.84099344970022,99495000
2018-11-02,243.10025024414062,246.0865825910847,241.04377521109086,245.65739878657024,122634100
2018-11-05,244.4414520263672,244.9957974617316,242.61745471794995,243.59203415853423,65622500
2018-11-06,245.9882049560547,246.14913864319658,244.3162190941852,244.3788135123445,60085900
2018-11-07,251.25450134277344,251.33496817389536,247.74061933360014,248.1698030523919,102752100
2018-11-08,250.7985076904297,251.44226965723053,249.6540450034663,250.44979078559714,65584900
2018-11-09,248.3486785888672,249.6719475290632,246.93596566182765,249.48419155790086,98812600
2018-11-12,243.70822143554688,248.08041684720948,243.18962096752142,247.83901632418406,99673600
2018-11-13,243.25230407714844,246.17604284440816,242.52807495786251,244.17323908600306,98176600
2018-11-14,241.58921813964844,245.53223041156434,240.02452120166146,245.1298961420572,125335900
2018-11-15,244.11053466796875,244.57549053537548,238.7369382038994,240.3195071800568,135101400
2018-11-16,244.7454071044922,245.65739196685243,242.49222630102577,243.0108267945188,126668000
2018-11-19,240.6056671142578,244.43246733047485,239.68473237699044,244.13739494006242,103061700
2018-11-20,236.15292358398438,238.7279712349983,235.28563360827678,237.26161404467183,136021300
2018-11-21,236.9576873779297,238.86215138841197,236.9487648074181,237.70873861136033,75563700
2018-11-23,235.37513732910156,236.77890063221906,235.21420361293727,235.31254289965415,42807900
2018-11-26,239.17510986328125,239.39863800334038,237.24382345883228,237.63723516822836,79981400
2018-11-27,239.97976684570312,239.97976684570312,237.52990755897596,238.1378974527973,75502400
2018-11-28,245.50538635253906,245.50538635253906,239.9171834982151,241.05272378134765,127629600
2018-11-29,244.96897888183594,246.37271492011982,243.58308798630722,244.72755101777267,82346400
2018-11-30,246.46214294433594,247.02543827145888,244.4951115145274,244.81697896651065,98204200
2018-12-03,249.72561645507812,250.70914568640916,248.12517468688583,250.60185654956373,103176300
2018-12-04,241.63392639160156,249.32330008923051,241.32098152923894,248.89411622489166,177986000
2018-12-06,241.26734924316406,241.38358825105956,234.65092122637463,237.76244300744196,204185400
2018-12-07,235.66122436523438,242.50117913222135,234.8207564815893,240.92753249286093,161018900
2018-12-10,236.10824584960938,237.0828249997734,231.23532281264661,235.4823563139131,151445900
2018-12-11,236.1619110107422,239.505882632987,234.68663101776033,239.31812667035345,121504400
2018-12-12,237.35113525390625,240.51630165936032,237.2706683901429,239.14831040307845,97976700
2018-12-13,237.27061462402344,239.1661286373273,236.1529740703163,238.2988384762047,96662700
2018-12-14,232.88949584960938,236.07253432913174,232.33515043710764,235.11582735664032,116961100
2018-12-17,228.32061767578125,233.0504678155984,226.68438981152866,231.9328269501043,165492300
2018-12-18,228.07020568847656,230.63631770070154,226.46080054770746,229.96573336230384,134515100
2018-12-19,224.65472412109375,231.93280004725392,222.94697944544566,228.15070761718408,214992800
2018-12-20,220.99778747558594,224.97658541676014,218.74462013016148,223.40295231055254,252053400
2018-12-21,216.46963500976562,224.5726410343925,215.8221135995942,221.90161864812129,255345600
2018-12-24,210.74984741210938,216.5955162248865,210.68690119149028,214.97671288603044,147311600
2018-12-26,221.3979949951172,221.3979949951172,210.22827050792478,212.21580430406206,218485400
2018-12-27,223.0977325439453,223.29557334632165,214.90480143725537,218.1513968614216,186267300
2018-12-28,222.80996704101562,226.09253018844487,221.6408302615388,224.45574967537402,153100200
2018-12-31,224.76148986816406,225.00431382380472,222.55812491820467,224.43772916822454,144299400
2019-01-02,224.99530029296875,225.92162663636046,221.19112255366804,221.21810146706608,126925200
2019-01-03,219.62631225585938,223.54740815348475,219.1406643215108,223.24162423370262,144140700
2019-01-04,226.9828643798828,227.63038583409028,222.28834069825123,222.66605925941474,142628800
2019-01-07,228.7725372314453,230.18448416653186,226.3533271053869,227.25266090851673,103139100
2019-01-08,230.9219512939453,231.40759927557966,228.43080631801965,230.96693445539765,102512600
2019-01-09,232.0011444091797,232.84652038747842,230.40033132281422,231.63241425307154,95006600
2019-01-10,232.81951904296875,233.07133138806674,229.77976666218711,230.463269075519,96823900
2019-01-11,232.90945434570312,232.93643325921258,231.15574263112958,231.7403040541585,73858100
2019-01-14,231.48849487304688,232.29788973486603,230.59816326959452,231.00284697776053,70908200
2019-01-15,234.14154052734375,234.45631281983424,231.8572251836976,231.8662273034933,85208300
2019-01-16,234.70814514160156,235.59847682156547,234.36639390612345,234.5732231151311,77636700
2019-01-17,236.48887634277344,237.35225679970745,233.79087416722376,233.83585733744803,96118400
2019-01-18,239.63650512695312,240.10417632361575,236.52481749408827,238.3055085099725,127900300
2019-01-22,236.3988494873047,238.37739465805262,234.78005976250157,238.16156334687548,115531200
2019-01-23,236.89349365234375,238.1345785519366,234.42032597273047,237.4330993624476,86030300
2019-01-24,237.0194091796875,237.60399809909393,235.6973874116646,236.71363898479987,59204100
2019-01-25,239.02490234375,239.85230139834084,237.11831934961072,238.87200354343403,96883400
2019-01-28,237.20826721191406,237.27119971279998,235.4365787122678,236.87551813178283,85613700
2019-01-29,236.89349365234375,237.91871980060318,236.05711989670039,237.352162622755,66136300
2019-01-30,240.643798828125,241.48917505115813,237.64902844539972,238.41346789544002,92473700
2019-01-31,242.75717163085938,243.24281957876707,240.36494037437575,240.58079915427368,104012100
2019-02-01,242.8740692138672,243.89932285799256,242.08265112622402,242.9550059575369,85782500
2019-02-04,244.58273315429688,244.64569308677306,242.2444605443687,242.91896067537795,60744800
2019-02-05,245.6079864501953,245.9137565493659,244.51079847294534,245.01442304163575,79552800
2019-02-06,245.28431701660156,245.8239228411092,244.54688408344987,245.3293001785144,58347800
2019-02-07,242.9460906982422,244.21412743800164,241.2823173723914,243.6655468926938,95482000
2019-02-08,243.24282836914062,243.3417419191554,240.86857382289284,241.6959730438404,75788900
2019-02-11,243.37770080566406,244.16011679544178,242.84709717403885,243.8993297625083,68021400
2019-02-12,246.50738525390625,246.88509005773193,244.9245490784787,244.99651114762787,72270200
2019-02-13,247.30775451660156,248.15313035310444,246.92104762950575,247.3437355477572,65277200
2019-02-14,246.7591552734375,247.89232438149514,245.40115276746258,246.2195496293394,83234400
2019-02-15,249.44827270507812,249.4842537506126,248.3331073029757,248.5399365624324,97088700
2019-02-19,249.87991333007812,250.53640946920703,248.6388282376279,248.64783035859924,59120800
2019-02-20,250.38352966308594,250.84219868934264,249.3402991486625,249.8439238872821,76610800
2019-02-21,249.49319458007812,250.10473497644506,248.53090082828663,249.7450069459639,64214700
2019-02-22,251.03997802734375,251.23780505887382,249.47511900171256,250.11363813164414,78114600
2019-02-25,251.38180541992188,252.9916208085363,251.3008686612308,252.47001921514072,69030700
2019-02-26,251.201904296875,252.08323378802743,250.82417205389012,251.03102869236844,56844100
2019-02-27,251.0940399169922,251.44476587200535,249.54718448616842,250.48247199653218,56921600
2019-02-28,250.62631225585938,251.31881677916292,250.3025652933955,250.87812459738245,69268300
2019-03-01,252.19122314453125,252.60490905187496,250.75228342210553,252.20919994207057,78880500
2019-03-04,251.2738800048828,253.49523578119258,248.97158747301825,253.25242551452823,106494600
2019-03-05,250.93212890625,251.59765463929452,250.3835484141846,251.3998000881989,59114600
2019-03-06,249.4122314453125,251.05802767384998,249.0884844501514,251.04902555326564,75039800
2019-03-07,247.32583618164062,249.1064998217541,246.4804600804881,248.96260309756923,94885100
2019-03-08,246.83116149902344,247.00203712665612,244.99654020047922,245.46418392345285,85795800
2019-03-11,250.41046142578125,250.57233489439366,247.5236081202542,247.55058703168962,65098900
2019-03-12,251.3548583984375,251.87648750352315,250.77929889287344,250.96815135378546,79667500
2019-03-13,253.01856994628906,253.95388479022623,252.08325510235193,252.24515604617025,80639200
2019-03-14,252.85670471191406,253.46824513369083,252.41603991467647,253.04555713280294,67518400
2019-03-15,254.10595703125,254.91891715486173,253.2207178582975,253.41042968803183,81309000
2019-03-18,255.02740478515625,255.32550773546424,254.09701152865134,254.322835402234,62199800
2019-03-19,255.09060668945312,256.86105789408487,254.19635309539703,256.09327888355307,90268100
2019-03-20,254.3227081298828,256.0841444888969,253.21167287034876,254.87373244019506,84609200
2019-03-21,257.1952819824219,257.6017483296289,253.45562618980728,253.50080749486474,79550400
2019-03-22,252.24513244628906,256.3551137299646,252.18189517943222,255.83121475149295,122659300
2019-03-25,252.05543518066406,253.094218878905,250.79082774078924,251.90186290714814,85575200
2019-03-26,253.93434143066406,254.8918321344022,252.52520312831808,253.81690864440495,68125900
2019-03-27,252.60638427734375,254.51235063208907,251.05271612502025,253.9251869613861,72224700
2019-03-28,253.56398010253906,254.0156276886976,252.08259035445718,253.2388070723678,56238500
2019-03-29,255.1627655029297,255.48793845065262,253.9523535868932,255.08147226599894,82186800
2019-04-01,258.1888427734375,258.48694561262533,256.8971373139716,257.1681424010861,77617900
2019-04-02,258.3152770996094,258.55014262525657,257.5203730740739,258.3785143667261,40070400
2019-04-03,258.7217712402344,259.9321832566487,258.11655144883906,259.53473124333345,68243200
2019-04-04,259.4083557128906,259.6612773118581,258.3515155754286,259.0470430809924,48997500
2019-04-05,260.66387939453125,260.71807489642094,259.7876820254754,260.0767430798067,58621700
2019-04-08,260.862548828125,260.97093980838844,259.57985790680345,260.23927312523705,53566300
2019-04-09,259.5256652832031,260.2211924584912,258.97466860532046,259.89601951410935,66142300
2019-04-10,260.4109802246094,260.50131525764226,259.5257410070982,259.94124907939124,52601500
2019-04-11,260.33868408203125,260.90776442976176,259.76960373430074,260.89872265713745,55093100
2019-04-12,262.1001281738281,262.3801474694427,260.3838728749829,261.9555976395785,69727800
2019-04-15,261.928466796875,262.2717233265553,261.12452097037357,262.1723465365218,49596700
2019-04-16,262.1001281738281,262.8679345767375,261.50395005744133,262.81373907219154,52153200
2019-04-17,261.4588317871094,263.247338812462,261.0432961073904,263.2202410565137,58268300
2019-04-18,261.9736328125,262.244637880087,260.74516471851695,262.04591185707466,68708500
2019-04-22,262.199462890625,262.3530351892551,261.1155252933477,261.20586031804896,40160100
2019-04-23,264.5570373535156,264.7919028688459,262.33493942801596,262.56977737697116,52246600
2019-04-24,263.9698791503906,264.80993679336905,263.82534865809765,264.4757220902296,50392900
2019-04-25,263.80731201171875,264.46672733132755,262.6149834795069,263.8705492820328,57770900
2019-04-26,265.0357666015625,265.1080180661808,263.0756044899203,263.85245245802736,50916400
2019-04-29,265.4512939453125,265.97522047598136,265.0357859690539,265.12612098120803,57197700
2019-04-30,265.5867614746094,265.87582246387245,263.6898642027067,265.10801627143064,81111700
2019-05-01,263.59063720703125,266.4269980889262,263.58159543148736,266.2192302161388,71671900
2019-05-02,263.021484375,264.394510693582,261.52201106550615,263.4731319658217,65030200
2019-05-03,265.5958251953125,265.8758444373118,263.12981994511233,264.5028459743998,56543700
2019-05-06,264.5029296875,264.9455355520882,260.96200007164197,261.27815893194105,107198100
2019-05-07,260.0857238769531,262.68721789900485,258.1707428791583,262.09103988842,144729900
2019-05-08,259.7245178222656,261.4407735198439,259.12833956737035,259.7245178222656,91568300
2019-05-09,258.9385070800781,259.54369919725093,255.90342202528907,257.64680205017555,103471100
2019-05-10,260.2392578125,260.9980221960708,255.00013102159912,257.99907660883497,112429300
2019-05-13,253.69944763183594,256.07511814682,252.8593898078208,255.10861334378154,127290500
2019-05-14,255.99386596679688,257.5294789041339,254.59376936881196,254.720216368122,77003200
2019-05-15,257.4933166503906,258.1346484967642,254.1511135247501,254.35888133588776,73956400
2019-05-16,259.8780517578125,261.24200882603384,258.1256567856661,258.1979082757085,76749600
2019-05-17,258.1979064941406,260.69101016233884,257.54753282271423,257.5656163698874,100353000
2019-05-20,256.4906921386719,258.30629680975045,255.74094165897924,256.5900413823226,62877600
2019-05-21,258.8031311035156,259.1824996716411,257.93594781503344,258.1888693825783,46847100
2019-05-22,258.0082092285156,258.9656999234851,257.5294638810309,257.8456227104374,49482500
2019-05-23,254.85569763183594,255.82220245691744,253.43751768171634,255.77704872760327,98733800
2019-05-24,255.4337615966797,256.7164526389379,254.8104858350271,256.3009170869188,55268100
2019-05-28,253.05816650390625,256.6713476142712,253.04011052225275,255.71385682533523,70029400
2019-05-29,251.3599395751953,252.34452801249142,249.9508013010485,251.93806172170744,104972900
2019-05-30,252.04638671875,252.95872343197126,250.94436578617672,252.11863818494996,62523800
2019-05-31,248.65000915527344,250.3211104483157,248.6229114074458,249.49009447068332,86862800
2019-06-03,248.01771545410156,249.80622191658364,246.68082892649687,248.68614493471603,96428000
2019-06-04,253.40142822265625,253.5369170037464,249.86954030818822,250.3211879560785,77231900
2019-06-05,255.59637451171875,255.62347226214143,253.21168977538474,255.02729418646322,71169700
2019-06-06,257.2583923339844,257.93586355069925,255.2440622254317,255.89443569613297,69430400
2019-06-07,259.83282470703125,260.9167898314945,258.1075277932227,258.2791560640357,74272200
2019-06-10,261.0252685546875,262.696370530526,260.93493350289316,261.3865811954772,60799100
2019-06-11,260.9620056152344,263.2202438562218,260.3116318991746,262.8498894767337,58641300
2019-06-12,260.5012512207031,261.2871134387814,259.98636646872944,260.72707496458196,47096300
2019-06-13,261.57623291015625,261.93757307230334,260.7090771670483,261.41364637702054,48945200
2019-06-14,261.2871398925781,261.89233215027554,260.51933357237925,261.2871398925781,52324700
2019-06-17,261.38653564453125,262.15434210139864,261.2149073459474,261.5220244154178,39205700
2019-06-18,264.1234436035156,265.1803108471755,262.8497943883869,263.2111344293346,85434800
2019-06-19,264.71966552734375,265.25260633990735,263.2834295952393,264.2589761951365,78674400
2019-06-20,267.248779296875,267.65527297277674,264.7828021999357,267.41139330705704,116570000
2019-06-21,266.8603820800781,268.2400584370373,266.64254573436114,266.97838600082514,83309500
2019-06-24,266.5336608886719,267.3868625828975,266.3793416575258,267.0691937724894,47582700
2019-06-25,263.9194030761719,266.6152378642341,263.81048493531165,266.588008329019,82028700
2019-06-26,263.65625,265.3263933277902,263.54733182434325,264.81809004109107,51584900
2019-06-27,264.5911865234375,265.0994898458339,264.03750985814816,264.4187234997187,40355200
2019-06-28,265.9527587890625,266.4519764369818,265.05415594262473,265.57151739031025,59350900
2019-07-01,268.36712646484375,269.5108225885334,267.1598855119605,269.2929585599338,78705600
2019-07-02,269.0660705566406,269.12052964557455,267.47761582834625,268.32175940727416,61504500
2019-07-03,271.2172546386719,271.2354261330715,269.60157056268866,269.7468040156415,40898900
2019-07-05,270.9087219238281,271.07212691821906,268.6849015551727,269.9828895577444,51677300
2019-07-08,269.4200439453125,270.72711729438515,268.87542543312424,269.59250693584625,45841800
2019-07-09,269.7559814453125,270.0555064997693,268.20384167130163,268.25830077211197,41101300
2019-07-10,271.0448303222656,271.99791979943893,270.29146110929497,270.82699396197586,58448500
2019-07-11,271.68023681640625,271.9253027339182,270.67271589951406,271.68932256535436,50826100
2019-07-12,272.8964538574219,272.9690844262217,271.86170370581414,272.17031437209874,40326000
2019-07-15,272.98724365234375,273.33216962252965,272.47894044378995,273.33216962252965,33900000
2019-07-16,272.1069030761719,273.1053661337853,271.7982922584476,272.8965877715927,36650100
2019-07-17,270.255126953125,272.242966703385,270.255126953125,272.0795894445706,36036300
2019-07-18,271.2445068359375,271.62574814433856,269.31115385186047,269.7559122946191,51392600
2019-07-19,269.73779296875,272.370083973612,269.5653299445961,272.3428544277168,58678600
2019-07-22,270.40032958984375,270.94494809092004,269.6197309753109,270.13709223590814,43638100
2019-07-23,272.333740234375,272.333740234375,270.6908265025734,271.5259119902251,44564500
2019-07-24,273.61358642578125,273.61358642578125,271.4805132009349,271.5712875786743,47213200
2019-07-25,272.30657958984375,273.2142681884766,271.4987234408408,273.1598090885952,55394100
2019-07-26,274.1310119628906,274.33070454033606,272.86931165529114,272.99640134114486,45084100
2019-07-29,273.6318054199219,274.1310507844643,273.0781286543182,274.0130468310187,38126500
2019-07-30,272.96002197265625,273.36849278078535,271.84355541076525,272.2247966783823,45849000
2019-07-31,269.9737243652344,273.395726983816,267.9495971849388,273.2050924965323,104245200
2019-08-01,267.6228332519531,273.09619296523925,266.8240630615481,270.1280619945052,142646600
2019-08-02,265.60772705078125,266.9692594040868,264.04650217763964,266.7241935526526,116749700
2019-08-05,257.6201171875,261.6048546868241,255.71396608989906,261.49593651560986,178745400
2019-08-06,261.2326965332031,261.45056057391236,258.0376435074531,259.51717995276283,120711700
2019-08-07,261.3871154785156,262.1586564119297,256.0045281473331,258.14666017845286,140572300
2019-08-08,266.5154724121094,266.5154724121094,262.33104204559356,262.88471869173367,87713900
2019-08-09,264.7000732421875,266.1705239429332,262.91192607759484,265.57144630550897,93730000
2019-08-12,261.47784423828125,264.6910417239846,260.5247546514729,263.1933611738068,65527600
2019-08-13,265.54425048828125,266.996557578567,260.83334511879997,261.1782711690439,94299800
2019-08-14,257.6927185058594,262.0859268210529,257.5656565403632,261.4777911353101,135622100
2019-08-15,258.37347412109375,259.2721043920192,256.3221173591758,258.58225240634897,99556600
2019-08-16,262.1857604980469,262.6214331363169,258.427917790283,260.0345437452462,83018300
2019-08-19,265.344482421875,266.0252485798388,264.5366543186565,265.2174204766203,53571800
2019-08-20,263.3113098144531,265.37175239434185,263.18424784983824,264.8362195925325,51596400
2019-08-21,265.4535217285156,265.82564964948455,264.7908991293272,265.4807512764025,49524700
2019-08-22,265.3717956542969,266.796873242522,263.59273395652144,266.16150791497233,51666400
2019-08-23,258.5550231933594,265.7348411203178,257.30240888113474,264.0646979375014,149161500
2019-08-26,261.41424560546875,261.41424560546875,259.2176276035025,260.75162313576504,72423800
2019-08-27,260.3885192871094,263.18421456041875,259.62606449451044,262.81205906038,66668900
2019-08-28,262.22216796875,262.38554526553645,258.91816823129676,259.72602436616955,59696700
2019-08-29,265.5715026855469,266.0979775546509,263.78335514133585,264.7909038319558,57899400
2019-08-30,265.4535217285156,267.0782642531926,264.5186036504583,267.0601204547532,62901200
2019-09-03,263.9013671875,264.66382226574063,262.56706387546467,263.7470756421485,69101400
2019-09-04,266.89666748046875,266.9148112737629,265.326356796421,266.0797535750682,46887300
2019-09-05,270.32781982421875,271.24456645465915,266.86044279691106,269.3929016938669,83258100
2019-09-06,270.53656005859375,271.18103887059044,269.96473954298955,270.6455059524983,49584300
2019-09-09,270.6726989746094,271.61667499074713,269.7286952580193,271.5259283087568,51260300
2019-09-10,270.6092529296875,270.6727977906413,268.64864189505323,269.91031486012037,57947100
2019-09-11,272.533447265625,272.61513589911914,270.26422622261396,270.91776299101923,68821100
2019-09-12,273.4774169921875,274.5393967960973,272.6786468522338,273.4411017038854,72908700
2019-09-13,273.2959289550781,274.2762480538401,272.9237733435532,273.9222362402719,62104800
2019-09-16,272.4518127441406,273.3413575418374,271.8073615960568,272.16134574483664,58191200
2019-09-17,273.1415710449219,273.23231771310805,272.0795635627517,272.25202655302246,41475500
2019-09-18,273.3050537109375,273.4139719151328,270.7090498089619,272.75134923899975,73375800
2019-09-19,273.2868347167969,274.6937684777055,272.9509944120725,273.6953056120019,76560500
2019-09-20,271.9956359863281,274.1750431104357,271.2023046326576,273.89233463485203,89565000
2019-09-23,271.93182373046875,272.6522169786461,271.07465399931573,271.3299793769967,43476800
2019-09-24,269.7980041503906,273.41816984308304,268.8314133151165,273.0260680157953,94869400
2019-09-25,271.3938293457031,271.84064181875846,268.3937351576938,269.88010460281293,71854000
2019-09-26,270.8284912109375,271.6126950332512,269.4150876575197,271.40298034180495,56179700
2019-09-27,269.3693542480469,271.6946650125197,267.8100471947587,271.5852160335148,84746600
2019-09-30,270.61871337890625,271.32997891755446,269.8436373672301,269.8892202520185,51662400
2019-10-01,267.3997802734375,272.1597967306999,267.1809378983291,271.5032417769954,88242400
2019-10-02,262.6761474609375,265.8221445550041,261.3812934601686,265.81301685003416,122539500
2019-10-03,264.82818603515625,264.85554132038845,259.7216527743248,262.4481649064833,85278800
2019-10-04,268.4118957519531,268.6672210504105,265.43003020641595,265.4847686110008,65091200
2019-10-07,267.2537841796875,269.2417037740578,266.97110359958515,267.60943074532133,59610500
2019-10-08,263.1047668457031,266.1322154876475,263.0682838493837,265.39359482532114,95708100
2019-10-09,265.6033630371094,266.5425986261646,264.4999956740549,265.1291953027634,62359400
2019-10-10,267.3997802734375,268.28430531067295,265.35717723008116,265.5213090114124,55296300
2019-10-11,270.171875,272.4150925868798,270.0442262378144,270.1627472925666,98720400
2019-10-14,269.87091064453125,270.5274653905415,269.524391774641,269.8526552334609,40394800
2019-10-15,272.542724609375,273.29047295885005,270.80103030537066,270.91957916911326,46754500
2019-10-16,272.1049499511719,272.79798756332923,271.6672654200118,272.0775946679744,48928200
2019-10-17,272.907470703125,273.78286779270866,272.2144329335033,273.27221717142055,45736600
2019-10-18,271.7129211425781,273.0169030385987,270.85575160138507,272.36947594373936,64304000
2019-10-21,273.554931640625,273.75554639728165,272.5974685642582,273.0351810774295,39048600
2019-10-22,272.6612548828125,274.38469365742964,272.57006131473804,274.09288537093926,48594700
2019-10-23,273.45465087890625,273.50936146704714,272.1962516949122,272.40599416837,34352200
2019-10-24,273.9014892578125,274.5398166178063,273.0716748211722,274.39391242613976,35453100
2019-10-25,275.02313232421875,275.57026612615203,273.2723097237085,273.3270203210637,45205400
2019-10-28,276.5732727050781,277.0748235468787,276.2176538731761,276.24500916793784,42147000
2019-10-29,276.49114990234375,277.42128538951795,276.17198631024223,276.29966287843143,44284900
2019-10-30,277.3392333984375,277.71307975913317,275.3786688753073,276.691778476006,49643900
2019-10-31,276.6006164550781,277.33013733223646,275.1416303575135,277.33013733223646,69053800
2019-11-01,279.1629638671875,279.2085467370334,277.88630957106443,278.0504691249233,71141500
2019-11-04,280.2846374511719,280.85912648060446,279.91076319664626,280.7223500041628,60606900
2019-11-05,279.97454833984375,280.78613499327446,279.6827400265851,280.4851989738601,42933200
2019-11-06,280.0384216308594,280.3119745660006,279.0900584084101,279.97458333653447,46487100
2019-11-07,281.023193359375,282.36365817572266,280.54902574107797,281.3788399443762,54272300
2019-11-08,281.71630859375,281.77101918673924,279.9746138412485,280.67675167019644,49032100
2019-11-11,281.17822265625,281.35148209428297,280.19337660549724,280.33018087748087,35797300
2019-11-12,281.77099609375,282.673748632465,280.9958923187553,281.5430260321855,46484600
2019-11-13,281.8622131347656,282.26344270277133,280.5491032446341,280.7770733251656,53917700
2019-11-14,282.2724609375,282.35455463171985,280.9411238442217,281.57945101643,51219900
2019-11-15,284.3150939941406,284.3606768661602,282.91991860421456,283.6129285321158,62023600
2019-11-18,284.5248107910156,284.76190851543424,283.62205842245453,284.07799845964644,49228000
2019-11-19,284.4427795410156,285.1358173869703,283.79535240135385,285.12668968003675,67804700
2019-11-20,283.3849792480469,284.3698253767361,281.82567201072436,283.85004702150417,79406200
2019-11-21,282.92901611328125,283.60382628077144,282.1265850365531,283.4944051261436,54664700
2019-11-22,283.55828857421875,283.8136139435332,282.54611480498653,283.6768374650394,44850200
2019-11-25,285.755859375,285.755859375,284.4883605205459,284.4883605205459,48647200
2019-11-26,286.4033203125,286.58570748343044,285.4732125288553,285.79237616379595,37569000
2019-11-27,287.6799621582031,287.6799621582031,286.66776071244107,286.8866030452009,44444600
2019-11-29,286.61309814453125,287.3608466778935,286.3851280669241,287.1146211839155,36592700
2019-12-02,284.1783447265625,286.9322127751372,283.74975994078153,286.86837448550784,75767800
2019-12-03,282.2724609375,282.35455463171985,280.06572678012907,281.45177445063996,73941700
2019-12-04,284.0141296386719,284.61597376246,282.9746009363967,283.3211197799446,49080000
2019-12-05,284.5248107910156,284.7345532263376,283.21170125763325,284.7163256430636,40709000
2019-12-06,287.12371826171875,287.5249477817744,286.4306803946452,286.4398081018569,48927000
2019-12-09,286.22100830078125,287.40644162273225,286.148042288993,286.7316590697798,34838500
2019-12-10,285.9017639160156,286.8318715909403,285.2452091371359,286.16621693444034,52649800
2019-12-11,286.7134094238281,286.9687347886849,285.8197567326405,286.35776275757524,53429100
2019-12-12,289.18450927734375,289.96871272087856,286.4853522653221,286.72242214237934,96389600
2019-12-13,289.3578796386719,290.58892367811507,288.1724184854237,288.94752234939756,81503900
2019-12-16,291.3457336425781,291.93845022672343,289.2940031239684,291.09040829117504,82749700
2019-12-17,291.4095458984375,292.0296177209557,291.3274800244313,291.7287095162663,61097700
2019-12-18,291.42779541015625,292.02963969319137,291.373084823369,291.80166963878605,48133000
2019-12-19,292.6222839355469,292.69524991881053,291.36388509375365,291.6192103784386,85310500
2019-12-20,293.90521240234375,295.0414939498362,292.6772889314625,293.65777641267516,147142100
2019-12-23,294.35430908203125,294.748338708172,294.2076875540074,294.6933591308127,52990000
2019-12-24,294.3634948730469,294.6292201871394,294.061079218806,294.5834131923506,20270000
2019-12-26,295.9305114746094,295.9396840609683,294.7392497864455,294.7483944076021,30911200
2019-12-27,295.85711669921875,296.7185006570414,295.3256381550197,296.6635210823034,42528800
2019-12-30,294.2259216308594,296.07699342963247,293.7402501912701,295.93954452506745,49729100
2019-12-31,294.9407043457031,295.1881403562621,293.3737307946574,293.7219533538211,57077300
2020-01-02,297.6989440917969,297.71728925572063,295.5546573018844,296.4801931939895,59151200
2020-01-03,295.4447937011719,296.5719310045377,294.2443596139796,294.2993391931489,77709700
2020-01-06,296.5718994140625,296.65436877403187,293.5662002585836,293.68533198915986,55653900
2020-01-07,295.73797607421875,296.4802282058735,295.28893898289255,296.00370133060426,40496400
2020-01-08,297.3141784667969,298.532929738881,295.68305239243307,295.9304604946824,68296000
2020-01-09,299.330078125,299.40340285238955,298.2945830808425,298.8810690392002,48473300
2020-01-10,298.46875,300.07238613706346,298.0014236278169,299.91662000140076,53029300
2020-01-13,300.5213928222656,300.5305374400755,298.66117621036113,299.0918681335702,47086800
2020-01-14,300.0630798339844,301.13520889884035,299.50408385408434,300.0813970267821,62832800
2020-01-15,300.7413024902344,301.5018717974519,299.8890912511953,299.9715606002773,72056600
2020-01-16,303.2429504394531,303.2429504394531,301.89589529250605,302.12498611365226,54050300
2020-01-17,304.18682861328125,304.3975742884115,303.1788233239939,303.9577377732246,95846000
2020-01-21,303.5912170410156,304.3976213972453,303.1513804577593,303.2246772332371,77742400
2020-01-22,303.6278381347656,305.10319771439003,303.4720720211028,304.4525595814496,48914900
2020-01-23,303.9760437011719,304.38841838405864,301.85924665475704,302.97721103138565,51963000
2020-01-24,301.2728271484375,304.71836296389927,299.98075121763935,304.63589360217117,87578400
2020-01-27,296.4435119628906,297.9280159564047,295.67377018718656,296.01282011592906,84062500
2020-01-28,299.5500793457031,300.4297804795818,296.53523558628365,297.873118472315,63834000
2020-01-29,299.3026123046875,301.1445117064484,299.10101123601123,300.9154208540977,53888900
2020-01-30,300.27398681640625,300.4847604901736,296.4802564449588,297.2316532660353,75491800
2020-01-31,294.8216247558594,299.80664419353747,293.905261299892,299.65085010133794,113845600
2020-02-03,297.0116271972656,298.8810159006824,296.18690593449446,296.30603762142965,69083000
2020-02-04,301.53851318359375,302.4090695275427,300.31058968515316,300.631322441618,62573200
2020-02-05,305.0206604003906,305.23143401703624,303.0138505948838,304.4800094344082,65951100
2020-02-06,306.047119140625,306.23954766256264,304.9657888604678,305.98296697824674,50359700
2020-02-07,304.416015625,306.0562864230658,303.86619184212464,304.98415661339817,64139400
2020-02-10,306.6885986328125,306.75275080392686,303.49049824543874,303.5271606239614,42070000
2020-02-11,307.2200012207031,308.8327817820095,306.6884947902929,308.04472268441083,54864500
2020-02-12,309.19940185546875,309.4101475745906,308.2921829231396,308.65872275070467,43992700
2020-02-13,308.8695068359375,309.8408499960324,307.4949614623846,307.7698593510163,54501900
2020-02-14,309.3642578125,309.4833895167541,308.0813547766656,309.2817884707523,64582200
2020-02-18,308.567138671875,309.42852273099015,307.17424804086374,308.365537552397,57226200
2020-02-19,310.04241943359375,310.7205194664191,309.25436025654744,309.53843070084963,48814700
2020-02-20,308.7686767578125,310.31733323101616,305.7721503679696,309.4925837509388,74163400
2020-02-21,305.5888977050781,307.7240122691576,304.7641482162331,307.4124520475645,113788200
2020-02-24,295.4538879394531,305.66216126608373,294.37255791706946,296.11367067972515,161088400
2020-02-25,286.5009460449219,297.4606419779516,285.6212452119003,296.8466943005458,218913200
2020-02-26,285.44720458984375,291.5043533570455,284.71412504182155,287.9030518374297,194773800
2020-02-27,272.62725830078125,285.5021516671391,272.62725830078125,279.9123298627245,284353500
2020-02-28,271.4818420410156,272.97551892461485,261.6584248326628,264.55413666270186,384975800
2020-03-02,283.23876953125,283.3029216830661,269.8323680613231,273.26873092756443,238703600
2020-03-03,275.1289367675781,287.5914845326907,272.6822621634208,283.61447075418994,300139100
2020-03-04,286.6934509277344,286.91339716852445,277.9605085084488,280.51717032303884,176613400
2020-03-05,277.16326904296875,282.67062208363757,274.9181954685185,279.4725227329303,186366800
2020-03-06,272.5814514160156,273.79105782578944,265.9561618762661,268.6319273661624,228667200
2020-03-09,251.29440307617188,260.42137681017505,250.5796405783017,252.2748908862515,309417300
2020-03-10,264.2975769042969,264.38919088350326,250.6254209763318,260.83372394140366,276444100
2020-03-11,251.41343688964844,258.3594867875514,248.2245103089877,257.2232051751496,255316300
2020-03-12,227.35894775390625,244.35749341633144,226.9649041793255,234.58905518446738,392220700
2020-03-13,246.7950439453125,248.7743926168376,227.73467884944543,241.08608882375825,329566100
2020-03-16,219.78981018066406,235.41379802822706,217.50805983351108,221.00856143695935,297240000
2020-03-17,231.65664672851562,234.7448005802353,217.24225582936077,224.54565851971734,262070500
2020-03-18,219.9272003173828,227.5971569540212,208.94917148333334,216.4908378124237,327597100
2020-03-19,220.39456176757812,226.6899879899135,212.79791514547082,219.23994888867023,289322000
2020-03-20,210.8968505859375,225.34070206512823,210.62032218585884,223.5525010180808,347158800
2020-03-23,205.5045928955078,211.7079795342504,201.18157403211723,210.33457814055313,326025200
2020-03-24,224.1239776611328,224.99965325237764,215.50560549655268,216.0770871962549,235494500
2020-03-25,227.4791259765625,236.29108520985923,220.98999933781093,225.7093641659939,299430300
2020-03-26,240.76158142089844,242.23636179724778,229.56228861158792,229.9955130827895,257632800
2020-03-27,233.59034729003906,240.402092757539,231.40579995163029,233.45209014133601,224341200
2020-03-30,241.1763458251953,241.8953110830862,233.69172592775902,235.6919255877699,171369500
2020-03-31,237.58154296875,242.72490599332332,236.17126374188032,240.17166345646726,194881100
2020-04-01,226.88922119140625,237.49859440441708,224.8152794471893,228.57602883114748,189554600
2020-04-02,232.12474060058594,232.9082211347178,225.45125299057915,226.00430965628482,177660400
2020-04-03,228.7696075439453,233.4981993171639,226.03200326101012,231.1385026260033,135561200
2020-04-06,244.1351776123047,246.10774004220798,228.75115129452442,237.664489854717,188061200
2020-04-07,244.38412475585938,253.50946439650116,244.16291326603343,252.75362096674237,201427200
2020-04-08,252.587646484375,254.40349866889994,244.49466674610764,246.9926062661609,153774500
2020-04-09,256.431396484375,259.19665225611317,253.91500360542418,255.8598866626546,189999200
2020-04-13,254.09019470214844,255.79544176301198,250.17274816243278,255.45439797676778,114839100
2020-04-14,261.5839538574219,262.60708486359886,253.95185000102325,258.9938335234627,134143400
2020-04-15,256.0257873535156,261.7222066904495,253.90574134911725,255.8506522622504,121775000
2020-04-16,257.26092529296875,258.1181476901565,254.1822777488258,257.3070016297343,131798300
2020-04-17,264.21099853515625,264.8193300820858,260.3027510489938,263.04958204992425,146684800
2020-04-20,259.5561218261719,264.3492430998631,259.33491036510924,260.49629866532456,100109300
2020-04-21,251.6750946044922,256.28385315137535,250.73488985796493,255.07636066246235,126385700
2020-04-22,257.26092529296875,259.01224803453573,255.2422866611191,256.5696114636951,92951600
2020-04-23,257.24249267578125,261.7222212725069,256.93832694379256,258.5421661535463,104709700
2020-04-24,260.8281555175781,261.50104458090686,256.7079230953152,258.76344011068335,85063200
2020-04-27,264.5888977050781,265.7134362590303,262.349047118566,262.80992311396216,77896600
2020-04-28,263.3721618652344,268.5984790155817,263.0679680071773,268.2482088176414,105270000
2020-04-29,270.2668762207031,271.8062143248398,267.6859820618569,268.71833972539537,118745600
2020-04-30,267.75048828125,270.36826016718874,266.00836377753785,268.8842250570301,122901700
2020-05-01,260.66217041015625,267.9163517686803,259.49152775137816,262.98497456117036,125180000
2020-05-04,261.38116455078125,261.68533026759593,257.28858431038867,258.7725912054478,80873200
2020-05-05,263.7962646484375,266.61682413306045,261.5103090633384,264.21106439073577,79569900
2020-05-06,262.0080261230469,265.888594464788,261.5748015245883,265.5014743476536,73632600
2020-05-07,265.1695861816406,267.105270843854,264.6626338763726,265.2341155672962,75250400
2020-05-08,269.5570983886719,270.02720080771184,267.17896299431584,268.31272783391654,76452400
2020-05-11,269.6123962402344,270.9950239132612,267.19741107208864,267.6214090155199,79514200
2020-05-12,264.2386779785156,271.21631976182334,264.1003926644628,270.80154820858723,95870800
2020-05-13,259.5653076171875,264.71789670658603,257.13186940879604,263.67631269146233,144721100
2020-05-14,262.67169189453125,262.8007225585791,251.6290918271061,257.1227544883689,121977900
2020-05-15,263.8790283203125,263.9251046452137,259.3255734869442,260.27497644282977,111146300
2020-05-18,271.9168701171875,273.52993629584876,269.79685153423225,270.11944226625104,119703800
2020-05-19,269.1239318847656,273.0321513534002,269.10550697148216,271.31770613996133,95189300
2020-05-20,273.6958312988281,274.5622804820352,272.44226200461213,272.6727000186642,85861700
2020-05-21,271.80615234375,274.37784752499084,270.70926554395885,273.56670150871196,78293900
2020-05-22,272.3223571777344,272.4974922721214,270.27606703298926,271.5204376032428,63958200
2020-05-26,275.6775207519531,278.54418352711934,272.34078367877794,278.304519053477,88951400
2020-05-27,279.7794189453125,279.816296906292,273.64054647059055,278.4797450847971,104817400
2020-05-28,279.2631530761719,282.83032815773345,278.5902641135655,280.8116893995479,90405200
2020-05-29,280.5075378417969,281.09744441541864,276.0370356142998,278.79306472388765,119090800
2020-06-01,281.641357421875,282.2497172147932,279.34620357604416,279.86238252828207,55758300
2020-06-02,283.97320556640625,284.01931002174933,281.22640394630906,282.5629268180082,74267200
2020-06-03,287.7525634765625,288.7111935356951,285.68784777656157,285.9643621543682,92567600
2020-06-04,286.9966125488281,288.50829892721924,284.8950196754381,286.76617461038785,75794400
2020-06-05,294.3523254394531,296.13130032112196,292.3429125224497,292.4074419234577,150524700
2020-06-08,297.91021728515625,298.10377730263014,294.619556339926,295.16338657068064,73641200
2020-06-09,295.6887512207031,297.9839040725445,294.3706248420823,295.237073735876,77479200
2020-06-10,294.03887939453125,297.1636320853074,293.3199139807583,296.26953154628904,95000800
2020-06-11,277.08782958984375,287.72485456232124,276.5348009447045,287.088843490775,209243600
2020-06-12,280.4060974121094,284.8950240206499,275.2350834968645,284.12075591123715,194678900
2020-06-15,283.02386474609375,284.15762952990957,273.52060641499924,274.7004475346516,135782700
2020-06-16,288.471435546875,290.94175175021076,283.59538877660174,290.7942680866062,137627500
2020-06-17,287.273193359375,289.78958611023603,286.5357749799992,289.49461875848573,83398900
2020-06-18,287.3838195800781,287.86312046362997,285.2914527967437,285.7523287681102,80828700
2020-06-19,285.7413635253906,291.0554918248627,283.78789416661283,290.86108007701773,135549600
2020-06-22,287.5746154785156,287.97270633016774,283.9917413067835,285.13973474073157,74649400
2020-06-23,288.8984375,291.16667889130184,288.4910796317382,290.2316035682341,68471200
2020-06-24,281.5289611816406,287.47266118114317,279.6866122382617,286.85235736793186,132813500
2020-06-25,284.54705810546875,284.81555030213127,278.92739748244804,280.95491900374606,89468000
2020-06-26,277.78875732421875,283.6584065601255,277.20552185285015,283.44546048892926,127961000
2020-06-29,281.87158203125,282.01044762306395,276.7518633545802,279.0478780684686,79773300
2020-06-30,285.48211669921875,287.18562813532077,281.2789690841468,281.4363406086615,113394800
2020-07-01,287.4819641113281,288.7503451312307,286.13955911726157,286.6024632366139,72396500
2020-07-02,289.06500244140625,292.27755689177957,288.3984196425174,290.92585705435147,69344200
2020-07-06,293.5274963378906,294.1107600598667,292.14805107719695,292.8979535044731,61713800
2020-07-07,290.5000915527344,293.9626051282298,290.1205068059593,291.98139030142596,82910000
2020-07-08,292.7220458984375,292.83313836796316,289.5002512684918,291.26852016415074,54638600
2020-07-09,291.0555114746094,293.5737102601791,287.6300107154844,293.3329911490811,83354200
2020-07-10,294.0274353027344,294.29592760306656,289.55579393882005,290.9907854082374,57550400
2020-07-13,291.4814758300781,298.76758248176105,290.8241598614589,296.37900954803916,102997500
2020-07-14,295.2588195800781,296.03649522517645,288.8522131893691,290.05575277628634,93657000
2020-07-15,297.97137451171875,299.0730885288503,295.582773536278,298.48982484290724,87196500
2020-07-16,296.9898376464844,297.44347434425896,295.4159533735502,296.06403001614825,54622500
2020-07-17,297.8509521484375,298.6378946024456,296.01784212946285,297.99908481947347,62774900
2020-07-20,300.2580871582031,301.00798945239933,296.8325859166636,297.5824882108599,56308800
2020-07-21,300.8968505859375,302.6743860263427,299.9062292995547,302.2300162929496,57292200
2020-07-22,302.6095886230469,302.92438820533135,300.4246953097078,300.53578774890565,57792900
2020-07-23,298.99896240234375,302.95218089089167,297.62878455914324,302.2485577259489,75738000
2020-07-24,297.0733337402344,298.10096725984846,295.56426188414656,297.13814709374793,73766600
2020-07-27,299.2397766113281,299.4156824584517,296.9715348479527,297.7677447223166,48293000
2020-07-28,297.34185791015625,299.6286054933626,297.04559247954353,298.5083571313757,57495000
2020-07-29,300.9987487792969,301.5635064567835,298.18428402153864,298.22132425942874,48454200
2020-07-30,299.9248046875,300.34142966237613,295.9253348944349,298.01764213127547,61861700
2020-07-31,302.29486083984375,302.39671442605913,297.4899143784568,301.72086431902517,84986800
2020-08-03,304.3964538574219,305.1648621508035,303.4150995292858,303.96132291921657,53077900
2020-08-04,305.5722351074219,305.5722351074219,303.5354458801942,303.5354458801942,41917900
2020-08-05,307.4701232910156,307.7293766896875,306.6091285143018,306.87762078191065,42697700
2020-08-06,309.52545166015625,309.64581125004264,306.5628822900345,306.88692081970754,43679400
2020-08-07,309.7476501464844,310.03464842255073,307.64604749173736,308.5533496810777,57308300
2020-08-10,310.6734924316406,310.85863713625884,308.2571181202604,310.20132116602485,44282100
2020-08-11,308.10894775390625,312.4972976931631,307.37757964188273,311.8584877954249,69601100
2020-08-12,312.4046936035156,313.1823690322383,310.5253042540805,310.55307736748404,53774400
2020-08-13,311.8399658203125,313.15462590528705,310.914157613645,311.6362868847087,41816100
2020-08-14,311.8492126464844,312.386197193319,310.7197255777267,311.45112192434925,47260400
2020-08-17,312.8398132324219,313.2379039279469,311.8584589230985,312.86758634482084,35481000
2020-08-18,313.5156555175781,313.94151931492354,311.63623802939264,313.2378961470677,38733900
2020-08-19,312.2103271484375,314.41372705641555,311.64556942265534,313.89527669531185,68054200
2020-08-20,313.1823425292969,313.66375253869415,310.3493721881814,310.4789706219572,42207800
2020-08-21,314.29327392578125,314.51545877917744,312.5064432183378,312.84901587187653,55106600
2020-08-24,317.4781494140625,317.55220163599915,314.26559394084416,316.7374859275807,48588700
2020-08-25,318.5891418457031,318.67246120076726,316.8763908713587,318.0429183491095,38463400
2020-08-26,321.78314208984375,322.05160610805416,318.6354000636554,319.1816234759962,50790200
2020-08-27,322.4867248535156,323.9402503595039,320.8202815655205,322.6533917850521,58034100
2020-08-28,324.5697937011719,324.69942039778635,322.32008678211736,323.51438715103393,48588900
2020-08-31,323.3940124511719,325.23636145672884,323.1625604352609,324.3568607483191,66099200
2020-09-01,326.4399108886719,326.54173620841556,323.3291812746038,324.2272161769494,54908700
2020-09-02,331.16156005859375,332.13364723694355,327.2083414922187,328.35636271868754,69540000
2020-09-03,319.7648620605469,329.93948368334827,317.17258251896726,329.46731252773276,148011100
2020-09-04,317.15411376953125,322.02384556505757,310.02537950989625,320.44998861723474,139156300
2020-09-08,308.488525390625,317.2189177075403,308.1830211329874,311.7288539118445,114465300
2020-09-09,314.5803527832031,317.05224467136924,311.6362614536504,312.5065233571741,91462300
2020-09-10,309.1181335449219,317.1171022208828,308.155285043401,316.4597862671318,90569500
2020-09-11,309.27545166015625,311.9695566218667,306.4424811341146,310.9048829574324,84680200
2020-09-14,313.3489685058594,315.1265323015431,309.4235516177228,312.45093361361097,65605700
2020-09-15,314.93212890625,316.64485115308514,313.3582439593315,315.81162957965364,52920900
2020-09-16,313.6823425292969,317.60776027402704,313.4045831159811,316.1727688588802,82096000
2020-09-17,310.9234313964844,312.64544938955055,308.28487230028173,308.81258977020724,91523300
2020-09-18,307.3438720703125,311.8427175043129,304.8527807613783,311.73118033622967,105877900
2020-09-21,303.9232482910156,304.07197396170466,299.0526031336653,302.7427755109806,99450800
2020-09-22,307.01849365234375,307.5762077815948,302.89144880901273,305.41045242560136,63612100
2020-09-23,299.89849853515625,307.8551384394909,299.39655288531276,307.5762671377892,93112200
2020-09-24,300.69781494140625,303.7652001614341,297.25860138372207,298.5785239027551,76681300
2020-09-25,305.5592041015625,306.3492684548765,298.9689520233032,299.8426692481497,71069400
2020-09-28,310.63433837890625,311.3500540678067,308.73812155611176,309.7327085120084,64584600
2020-09-29,308.942626953125,311.17345533698654,308.24549131026066,310.4298553312067,51304000
2020-09-30,311.2850341796875,314.44537688918547,309.4167014996256,309.61189154534867,104081100
2020-10-01,313.2834167480469,314.86357357981365,311.3965044009991,313.8875951945023,88698700
2020-10-02,310.3089599609375,313.25553191340913,307.84575345799766,308.31981468995633,89431100
2020-10-05,315.8117370605469,315.9976228708577,312.3260589938609,312.37252335480844,45713100
2020-10-06,311.3221740722656,318.0518759506169,310.810952625502,315.95116484965547,90128900
2020-10-07,316.74127197265625,317.549944798489,314.2594565452346,314.287340836935,56999600
2020-10-08,319.54840087890625,319.6134736829767,317.76372107590106,318.6839594529064,45242500
2020-10-09,322.4019470214844,322.8667040365459,320.58010746506795,321.20286598000087,59528600
2020-10-12,327.58868408203125,329.0666082622925,324.4562257534408,324.94886714686123,80388500
2020-10-13,325.45086669921875,327.62592689291563,324.4841638242889,327.4493168955767,73255500
2020-10-14,323.4058532714844,327.1239098929824,322.67155751263357,326.02708999760546,57727900
2020-10-15,323.006103515625,323.4894405664943,318.94413201868963,319.4832376382548,60357700
2020-10-16,322.8109436035156,326.0270542862086,322.6343336640178,324.3632161877111,89501900
2020-10-19,317.9031677246094,324.7071902621264,317.00153779579654,324.07512739996474,68425600
2020-10-20,319.17657470703125,322.42987424570373,318.48874331042714,319.2509233580746,60051900
2020-10-21,318.5723571777344,321.3051307249696,318.26560165924946,319.1300429085846,63575000
2020-10-22,320.31982421875,320.9054226108383,316.6389565111462,318.7861317044582,55399300
2020-10-23,321.4073791503906,321.60256916559945,318.9441724986455,321.54680058982547,49143900
2020-10-26,315.4678649902344,318.8048178502361,311.9635780013349,318.0147250392189,91473000
2020-10-27,314.3802795410156,316.14635076728,314.1664810728045,315.81173928644967,65994100
2020-10-28,303.63507080078125,314.40813551388993,303.142429476248,308.6916296323956,127094300
2020-10-29,306.7210998535156,309.90002246930646,302.1757618896027,303.8674845080645,90597700
2020-10-30,303.523681640625,306.45164672786456,299.86139213430204,305.14102784058866,120287300
2020-11-02,306.92559814453125,308.93332384063365,304.1742157069411,306.92559814453125,86068300
2020-11-03,312.3446044921875,314.4081268139196,307.00920293263084,310.16954502331055,93294200
2020-11-04,319.3253173828125,323.4151742045212,315.6537249327258,316.83419775911113,126959700
2020-11-05,325.5530700683594,327.36563424826636,324.27033583230514,324.62355579487365,82039700
2020-11-06,325.4786682128906,326.7335179503139,323.1455786904639,325.2648697529824,74973000
2020-11-09,329.5685119628906,338.69634709260697,329.1037549200316,338.3152429134803,172304200
2020-11-10,329.0851745605469,330.1448058667429,325.80399097551134,328.57392479394076,85552000
2020-11-11,331.52984619140625,332.3570990887861,330.03331356077604,331.27885919980673,58649000
2020-11-12,328.3135986328125,331.5762015185387,326.50106353691933,330.51654205029786,67546200
2020-11-13,332.8590087890625,333.6026087311802,329.7079423371588,330.2284679699451,62892200
2020-11-16,337.01385498046875,337.2090449530512,334.2438934003634,335.5359313121765,74541100
2020-11-17,335.2013854980469,336.409770903095,333.0820943880079,334.59720697878305,66111000
2020-11-18,331.1673583984375,336.01942424838643,331.13016988327934,335.47101420753813,70591300
2020-11-19,332.56158447265625,332.9333844739087,329.1874434374099,330.53525035428703,59940900
2020-11-20,330.28424072265625,332.5057930917374,330.20989207411236,332.301298850092,70417300
2020-11-23,332.26409912109375,333.5282530358045,329.8566610286987,332.0967933926305,63230600
2020-11-24,337.6181640625,338.1665740612137,333.9651798999618,334.82031711721845,62415900
2020-11-25,337.0975646972656,337.5623217166409,336.0007449395041,337.53443743013906,45330900
2020-11-27,338.0364074707031,338.5104403756147,337.02321213244505,338.1944089835005,28514100
2020-11-30,336.53985595703125,337.5251385844671,333.8535750928766,337.2555715663142,83872700
2020-12-01,340.2207946777344,341.7637917326567,339.20762755188343,339.80253028624935,74231400
2020-12-02,340.93646240234375,341.09446390376803,338.52902444464564,339.1053186103433,45927000
2020-12-03,340.8435363769531,342.23780756286345,339.7374123001427,340.83423215842737,62882000
2020-12-04,343.78082275390625,343.78082275390625,341.3361959388751,341.4291530295326,50749900
2020-12-07,343.0744323730469,343.5670738213922,341.80100231033487,343.00935956355164,48944300
2020-12-08,344.0782775878906,344.6452676235663,341.7544921304885,341.80095649302785,42458900
2020-12-09,340.9923095703125,344.8962524151043,340.155752415466,344.73825087726243,74098300
2020-12-10,340.8807067871094,341.931033863523,338.7428073956365,339.61655289507456,57735400
2020-12-11,340.4810485839844,340.8900371114811,337.6553457695817,339.1797343449143,57698600
2020-12-14,338.9566650390625,343.7343534662368,338.78005506472596,342.6561419139507,69216200
2020-12-15,343.5391540527344,343.5391540527344,340.12785278149966,341.50351566005907,63865300
2020-12-16,344.0782775878906,344.9984875517349,342.8698921301285,343.75294195055,58420500
2020-12-17,346.0023193359375,346.20681357249737,344.89619528816195,345.7234764526828,64119500
2020-12-18,344.6207580566406,346.45970742421224,342.60444592107217,346.2916885347735,136542300
2020-12-21,343.388671875,353.28352905625735,337.9465160934025,340.6909394443112,96386700
2020-12-22,342.809814453125,343.827300163514,341.68031614892215,343.71528756970014,47949000
2020-12-23,343.117919921875,345.0315351063921,342.79119749130325,343.7806801753628,46201400
2020-12-24,344.4527587890625,344.4807619388975,343.00588190186073,343.5939480483956,26457900
2020-12-28,347.4118957519531,347.8039398547463,346.38506609890993,347.01047928251126,39000400
2020-12-29,346.7491455078125,349.12018360826625,346.1610508009633,348.94282080818664,53680500
2020-12-30,347.243896484375,348.2800701602232,346.85185232725235,347.57061894027095,49455300
2020-12-31,349.00811767578125,349.7362280379204,346.5344112202723,347.0478117815803,78520700
2021-01-04,344.2567443847656,350.47370017311397,340.5508422079817,350.34299981269083,110210800
2021-01-05,346.627685546875,347.719865174645,343.56588492053913,343.6125758204039,66426200
2021-01-06,348.7001037597656,351.9019495167134,344.56481007436986,345.1155577412507,107997700
2021-01-07,353.8808898925781,354.6276595774134,350.90309805783966,351.0804608432896,68766800
2021-01-08,355.897216796875,356.1118981341495,352.0139516043895,355.2717750824561,71677200
2021-01-11,353.4981384277344,355.26239380181204,352.5926652872222,352.71402176287364,51034700
2021-01-12,353.5727844238281,354.5902701047907,351.32310327167943,353.68482550183654,52547700
2021-01-13,354.5250244140625,355.52382255240764,352.7140778450941,353.4981946346309,45303600
2021-01-14,353.2834777832031,355.7758723579935,352.94743994612014,355.27178711492945,49989100
2021-01-15,350.7070617675781,352.4619733044625,348.8401091438219,351.65919735021674,107160000
2021-01-19,353.4607849121094,354.0022171031651,351.6871856917085,353.1714095466067,51233300
2021-01-20,358.35223388671875,359.19235686721606,355.3650983033549,355.7571424001168,61836100
2021-01-21,358.6789855957031,359.34177439274544,357.7548530170023,358.91235471052175,47840100
2021-01-22,357.40936279296875,358.57620801286464,356.4385395935344,356.8212682441521,52860500
2021-01-25,358.8189392089844,359.1736362444542,353.28340355342897,358.14683518859727,70402000
2021-01-26,358.25885009765625,360.1818088514389,358.02548104028034,359.77107703146265,42665300
2021-01-27,349.50286865234375,355.01971706304266,347.2625312057877,354.9263637345536,123351100
2021-01-28,352.50872802734375,356.5226655000901,350.88448806661853,351.32319466468164,94198100
2021-01-29,345.4516296386719,351.6125797804302,343.77135497049784,350.641756315759,126765100
2021-02-01,351.2017822265625,352.2379271972738,345.74094042873577,348.8587477068479,75817600
2021-02-02,356.16790771484375,357.72682583158235,351.2858443927636,354.3943082588558,64450700
2021-02-03,356.4479064941406,358.17484322861526,355.16904860852287,356.99865405501225,52427100
2021-02-04,360.49920654296875,360.5458689619546,356.55993550525034,357.48406790567833,47142600
2021-02-05,361.9180908203125,362.62754192923927,360.45255466954404,362.3755135819587,48669800
2021-02-08,364.5318298339844,364.578492252833,362.51551765835177,363.37429987972564,38365200
2021-02-09,364.28912353515625,364.88656203696013,363.2809816726569,363.69168503335237,35551100
2021-02-10,364.1304931640625,366.18415281718296,361.72213637762246,366.0347931617341,59154400
2021-02-11,364.718505859375,365.6333228604152,362.2821464660776,365.21324714349873,42913300
2021-02-12,366.52020263671875,366.76288713936884,363.8411013276768,363.9157953957539,50593300
2021-02-16,366.2027282714844,367.94835282080294,365.48396180113076,367.7523022937143,50972400
2021-02-17,366.28680419921875,366.53883256205916,363.4303403165047,364.44785462236365,52290600
2021-02-18,364.72784423828125,365.47461384883314,361.9460747372213,363.67301150998657,59712800
2021-02-19,364.08380126953125,366.27747651977455,363.6357223394478,365.98810111308705,83241000
2021-02-22,361.28338623046875,363.7010867969079,361.01267008578844,361.3113893842329,67414200
2021-02-23,361.7220764160156,363.0756284840309,354.90771062947573,359.071007068001,107284100
2021-02-24,365.7080078125,366.1374274308675,359.64041172948737,360.62989435018375,72433900
2021-02-25,356.8960266113281,365.810743501983,355.4491495573829,364.438532027057,146670500
2021-02-26,355.0570983886719,359.92984672810377,353.0688174261953,358.78168889571384,152701600
2021-03-01,363.6637268066406,364.9146102633819,355.25312373479255,359.9391650515009,105348800
2021-03-02,360.8259582519531,364.1211286457314,360.3218730437514,363.88775955697247,79595300
2021-03-03,356.0465393066406,361.0966209700066,355.9438421012048,360.12582613870484,119940200
2021-03-04,351.64056396484375,358.4549301482067,347.14120097339406,355.8598669496521,183433000
2021-03-05,358.10955810546875,359.1643910019848,347.8506615219816,355.15042536468866,152039600
2021-03-08,356.32659912109375,361.8901102789775,356.04656760662095,359.0710219126789,123149200
2021-03-09,361.4140319824219,363.97174793111003,359.67775124914425,360.1818364281521,113633600
2021-03-10,363.6637268066406,365.36266070764583,362.3475501391762,363.76642402507724,109899400
2021-03-11,367.3509521484375,369.3299174808508,365.68002148147286,366.1374442709955,86245000
2021-03-12,367.8456726074219,367.98568835649854,365.17594403357333,365.988063865654,64653600
2021-03-15,370.03936767578125,370.300739917359,365.9507366566855,368.0977208919714,73427200
2021-03-16,369.5726013183594,371.36485984183645,368.79780004485065,370.6554372330348,73722500
2021-03-17,370.83282470703125,371.6356006957716,367.13623784220084,368.2844240106245,97959300
2021-03-18,365.43731689453125,370.32872365366313,364.75586893126194,368.2377458306638,115349100
2021-03-19,364.7611389160156,366.71849082891276,362.57899949059845,365.13574666256363,113624500
2021-03-22,367.6737365722656,369.059816642026,365.22002301990005,365.27621275157725,73778600
2021-03-23,364.7798767089844,368.48854216406016,363.9931918294677,367.0369263591319,90686600
2021-03-24,362.925537109375,367.82361875706545,362.8787218556425,366.1846847460537,97588600
2021-03-25,364.9671936035156,365.76322438235565,359.53528100576926,361.48328710314735,116128600
2021-03-26,370.84869384765625,371.2513965542407,365.51981381623887,366.11918063382456,114409100
2021-03-29,370.6613464355469,371.569785365303,367.8798399047054,369.36892521787905,108107600
2021-03-30,369.6779479980469,370.3522533875979,368.0764548349009,369.3876248451176,76262200
2021-03-31,371.1763916015625,372.74041546812293,370.2211375092786,370.2492323772652,112734200
2021-04-01,375.184814453125,375.24103277878845,372.9090440416976,373.1150826333132,99682900
2021-04-05,380.5697937011719,381.1129992139736,377.77894176420136,377.85385187937834,91684800
2021-04-06,380.3450622558594,381.3939754285536,379.670756847593,380.0079238420964,62021000
2021-04-07,380.78515625,381.1316690756449,379.7175229110059,380.17641518488864,55836300
2021-04-08,382.59271240234375,382.6489021342962,381.1036273441264,382.04016098431885,57863100
2021-04-09,385.37420654296875,385.5428043143524,382.3492212703383,382.47097521271746,61104600
2021-04-12,385.5146789550781,385.78625310272486,384.16606837510966,384.77480945811624,56704900
2021-04-13,386.6572570800781,387.284747181726,385.0276977252362,385.41167993956725,56551000
2021-04-14,385.3368225097656,387.68750278516484,384.7936169300577,386.6292150757349,61659900
2021-04-15,389.4761962890625,389.74779901658235,387.4345600439132,387.4813752883284,60229800
2021-04-16,390.77801513671875,391.3867562544257,389.34511988641407,390.76864065497745,82037300
2021-04-19,388.8581237792969,390.2910191020154,387.52826201872847,389.84150124750823,78498500
2021-04-20,386.0111083984375,388.74577080213885,384.53136914456286,387.64066789352995,81851800
2021-04-21,389.66357421875,389.8696127711152,385.2524800177592,385.3929829340343,66793000
2021-04-22,386.1047668457031,390.3285432917998,385.03713321050617,389.4950430989676,97582800
2021-04-23,390.2910461425781,391.7052211795834,386.59175516511834,386.6666652858134,73209200
2021-04-26,391.1058349609375,391.67713539485504,390.35661941365066,390.94664023299106,52182400
2021-04-27,391.021484375,391.60215919401725,389.87891228070197,391.4054665669327,51303100
2021-04-28,390.90911865234375,392.41695260927986,390.44085185266897,391.2931008577655,51238900
2021-04-29,393.4003601074219,394.0184758048344,390.01011254525065,393.6438680253927,78544300
2021-04-30,390.8155212402344,391.9768425215657,389.91645684560837,391.12459338199886,85527000
2021-05-03,391.6584167480469,393.19431720102517,391.1620550150992,392.8103349425953,68128300
2021-05-04,389.24212646484375,390.15993976728055,385.5428355491928,389.66357805634044,101591200
2021-05-05,389.3639221191406,391.12461021240586,388.80199613054106,390.8904767655513,60162200
2021-05-06,392.4731750488281,392.60427490167996,387.4252448088687,389.4387864991381,74321400
2021-05-07,395.3296813964844,395.9852665523178,392.55754908243114,393.24122911175766,67733800
2021-05-10,391.41485595703125,395.9102058149185,391.2931020158375,395.68544689624537,81852400
2021-05-11,387.9216003417969,388.91432373758846,384.03499135856697,386.882061695176,116888000
2021-05-12,379.68017578125,386.4044816854546,378.3596596779323,385.1308094211373,134811000
2021-05-13,384.240966796875,386.1795980192132,381.1878584127521,381.2347022366267,106394000
2021-05-14,390.1411437988281,390.993392781113,386.95693536241697,386.985030226416,82201600
2021-05-17,389.1484680175781,389.96327633452273,387.1255518204116,389.02674264587563,65129200
2021-05-18,385.79571533203125,389.6542298098184,385.63649201897573,389.41072188893645,59810200
2021-05-19,384.7842712402344,384.962214952343,379.6052403632547,381.0943542868471,106467100
2021-05-20,388.9236755371094,390.18800162389465,385.5428029314172,385.66452829262204,78022200
2021-05-21,388.605224609375,391.6583330581762,388.1463323262368,390.4127274600367,76578700
2021-05-24,392.56683349609375,393.64384150721315,390.609452962444,390.85296086401064,51376700
2021-05-25,391.6958923339844,394.0091319925526,391.1152459435391,393.65324457112,57451400
2021-05-26,392.4731750488281,392.9788826564934,391.2463182178888,392.2858568810516,43088600
2021-05-27,392.67919921875,394.0184354690083,392.3982219773763,393.5033533975978,56707700
2021-05-28,393.38165283203125,394.51485069134986,393.14751938948444,394.25262237892713,58520200
2021-06-01,393.0351257324219,395.89154219615915,392.5949537330821,395.75106785184676,54216600
2021-06-02,393.6532287597656,394.49613202119497,392.67925421266847,393.690698113344,49097100
2021-06-03,392.1922302246094,393.3348025487419,389.86027032089925,391.3306351753736,58138800
2021-06-04,395.7791442871094,396.07884192817824,392.25776845640075,394.046551239309,55938800
2021-06-07,395.3951721191406,395.9477235822755,394.4586384024901,395.7697798896526,51555000
2021-06-08,395.4795227050781,396.3504923474964,393.6439243168025,396.25683324405725,47134300
2021-06-09,394.889404296875,396.3972383219587,394.66464536870893,396.32229962541095,48436300
2021-06-10,396.7249755859375,397.680258127959,394.7957187001208,396.11623447588136,51020100
2021-06-11,397.3805847167969,397.4929641801739,395.9851587453018,397.2775797356141,45570800
2021-06-14,398.2703857421875,398.3733907447433,396.24746923944144,397.493046657972,42358500
2021-06-15,397.5397644042969,398.45754897502957,396.6594205967574,398.42010821183635,51508500
2021-06-16,395.3202819824219,397.90512450376707,393.2692991852718,397.6803655299959,80386100
2021-06-17,395.1890869140625,396.17243576818447,392.70727857401477,394.90813826452404,90949700
2021-06-18,389.85791015625,392.5921143691672,389.6511975047522,391.89682121151446,118676300
2021-06-21,395.4390563964844,395.62698739769405,390.80684682653913,391.62429220073597,72822000
2021-06-22,397.55316162109375,398.389417322035,394.7061817905028,395.42969035743977,57700300
2021-06-23,397.073974609375,398.4363740041373,396.98941426136173,397.62833378473624,49445400
2021-06-24,399.42291259765625,399.84571427828763,398.9718954640753,399.22560514669493,45110300
2021-06-25,400.8417663574219,401.292783582141,399.84579507613284,400.1746600103502,58129500
2021-06-28,401.6497497558594,401.8188704262666,400.16519830299507,401.3678819718473,53159600
2021-06-29,401.865966796875,402.67400709351523,401.3303892006845,402.03508750906747,35970500
2021-06-30,402.20416259765625,402.8806740439344,401.37731208840023,401.4054988705683,64827900
2021-07-01,404.43109130859375,404.59083555803204,402.8995422418196,402.9653209724266,53441000
2021-07-02,407.522216796875,407.8792684241957,404.51549341608523,405.5960534485261,57697700
2021-07-06,406.780029296875,407.79481088022624,404.0364200440292,407.57869308441616,68710400
2021-07-07,408.217529296875,408.4994257565814,405.4457338256593,407.4658627528058,63549500
2021-07-08,404.8913879394531,405.65245965927846,401.6967333373441,402.88063542340194,97595200
2021-07-09,409.2135925292969,409.5142706843359,404.6941297476529,406.4042044959093,76238600
2021-07-12,410.6793212890625,410.93303100178167,408.69678404478105,409.1289909276716,52889600
2021-07-13,409.2793273925781,411.3934220558517,409.0162412036738,409.8900601160083,52911300
2021-07-14,409.8900451660156,411.46859091611077,408.64039298286,410.9799818157925,64130400
2021-07-15,408.4901123046875,409.2229973856593,406.5827300635527,408.5464858744355,55126400
2021-07-16,405.28607177734375,409.7209741044271,404.89145679770826,409.67400568874314,75874700
2021-07-19,399.30078125,405.3517919065615,396.4819885344928,400.4470914346093,147987000
2021-07-20,405.0229187011719,406.3007862832232,399.16921562616085,399.9678792806627,99608200
2021-07-21,408.30218505859375,408.44314765851226,404.97602971576475,406.2256820890456,64724400
2021-07-22,409.1572265625,409.40153115228975,407.49414887432897,408.4807150382148,47878500
2021-07-23,413.36663818359375,413.7048796113906,410.4069109933799,411.0927990022728,63766600
2021-07-26,414.38128662109375,414.39069177202066,412.7276144896714,412.7745828958248,43719200
2021-07-27,412.49273681640625,413.36655567137274,409.65513381425745,413.3383688913494,67397100
2021-07-28,412.32366943359375,413.7048792778129,410.8954911714122,413.1223332586895,52472400
2021-07-29,414.03369140625,415.1142229497678,413.244432835135,413.25383798722675,47435300
2021-07-30,412.0229797363281,413.4793446420124,411.32765796830415,411.4592154045569,68951200
2021-08-02,411.1585693359375,414.29682232930344,410.80151760882893,413.7424631066734,58783300
2021-08-03,414.5035095214844,414.62566180738776,409.75855272178563,411.9572078453096,58053900
2021-08-04,412.464599609375,414.4753237326035,412.2297001895343,413.21626628316693,46732200
2021-08-05,415.0766906738281,415.1612510262335,413.3102424033691,413.62970218164946,38969700
2021-08-06,415.7626037597656,416.18543422157984,415.1142790112494,415.3961755438749,46930000
2021-08-09,415.42431640625,416.0538307784521,414.6538394461939,415.7343710161899,41222600
2021-08-10,415.94110107421875,416.6552044987499,415.1894343873146,415.87532235369696,43339300
2021-08-11,416.9745788574219,417.06854434259765,415.88464231271143,417.0121707863402,44034300
2021-08-12,418.224365234375,418.3653278445294,415.92236781659506,416.8243736806364,38909400
2021-08-13,418.9853820800781,419.00416370969447,418.18671837060634,418.6752988088245,39470300
2021-08-16,419.971923828125,420.1034525763225,416.11956808546233,417.6793034807547,73740000
2021-08-17,417.21893310546875,418.0833468539245,414.2216144188741,417.40683542397306,92673900
2021-08-18,412.6524658203125,417.77328419430097,412.4081899435472,416.20414359044753,89351900
2021-08-19,413.2913818359375,414.49409427742756,409.7772960279677,409.9182299315039,92812200
2021-08-20,416.580078125,416.90894309875523,413.1505517969811,413.6391610177318,72008700
2021-08-23,420.2444763183594,421.15588723398355,416.6552062239017,418.27131541425854,54973000
2021-08-24,420.9115295410156,421.44710704404645,420.3947623411215,420.9115295410156,38744700
2021-08-25,421.79473876953125,422.31150595130316,420.7235838010332,421.0994457596763,40529700
2021-08-26,419.3048095703125,421.7477402477029,419.21084408097255,421.5128408614737,57829600
2021-08-27,423.0538635253906,423.4296968697422,420.05654457482467,420.11291814276507,77235100
2021-08-30,424.9142761230469,425.7035347462911,423.4860692744892,423.73037385105744,48357400
2021-08-31,424.2846984863281,425.1585173900656,423.68337092085335,424.8202760109067,59300200
2021-09-01,424.51019287109375,425.7410634582663,424.2752934663014,425.22429623742056,48721400
2021-09-02,425.8162536621094,426.62429386298294,424.61356983864454,425.93840594229823,42501000
2021-09-03,425.712890625,426.22968653702213,424.27530736753846,424.67935614944514,47170500
2021-09-07,424.190673828125,425.45913617154696,423.5141624899159,425.36517068791574,51671500
2021-09-08,423.6739807128906,424.3880841041836,421.74778832170443,423.65519908257835,56181900
2021-09-09,421.86053466796875,425.23368656226256,421.6162301197451,423.47664366355934,57970400
2021-09-10,418.534423828125,424.21897874285884,418.41227153281125,423.7961769601356,89948200
2021-09-13,419.60546875,421.8041522895671,417.2846616131166,421.54106611784215,83738600
2021-09-14,417.3410949707031,421.259201058738,416.44846574600996,421.05248843166396,78197100
2021-09-15,420.8269958496094,421.32498145214555,416.6551800315069,417.7638983655694,78792200
2021-09-16,420.1598205566406,421.27791518501374,417.20006553546585,420.30075444473476,77786700
2021-09-17,416.067138671875,419.80929334170304,415.7089430523476,419.38513702866646,118425000
2021-09-20,409.1294250488281,411.50478592799976,404.2466956480444,409.921212008552,166445500
2021-09-21,408.7430725097656,412.77743321287386,408.21521438159147,411.47662969483383,92526100
2021-09-22,412.7302551269531,414.7757267973973,408.8561507112312,411.0241372373776,102350100
2021-09-23,417.74493408203125,419.3568141940667,414.37041068440186,414.60606264353015,76396000
2021-09-24,418.43304443359375,419.1494355881211,415.887991791221,416.104801947488,62094800
2021-09-27,417.2359313964844,418.5649830834851,416.5383820618651,417.39615861384715,61371100
2021-09-28,408.827880859375,414.78516941905406,408.0926478816121,414.45525091590594,130436300
2021-09-29,409.51593017578125,411.9572806871439,408.95035979785877,410.21345067442644,82329200
2021-09-30,404.5107421875,411.7028158417851,404.1713884067889,410.9958599619211,140506000
2021-10-01,409.3179931640625,411.0052691446982,402.7103321875053,406.24511136235,129240100
2021-10-04,404.03936767578125,409.0540186452384,401.89019456102386,408.1491233316218,128570000
2021-10-05,408.2434387207031,410.49625637556306,404.74637188186426,405.5475654887487,90682500
2021-10-06,409.94012451171875,410.147499377374,403.00254494453645,404.63323802045085,113032200
2021-10-07,413.4842834472656,416.3309482512412,413.050691974127,413.22978973248706,72437500
2021-10-08,412.7302551269531,414.64377665813777,412.098723983002,414.2573039916996,74557400
2021-10-11,409.7421569824219,414.99248894914547,409.6761675373717,412.07039922916306,65233300
2021-10-12,408.733642578125,411.0713205807312,407.94185537549487,410.6660060780951,71181200
2021-10-13,410.20404052734375,411.02410468083355,406.77296321895665,409.7610137268703,72974000
2021-10-14,417.1039123535156,417.2547330392935,413.4088774672189,413.88018132298555,70236800
2021-10-15,420.2805480957031,420.64817895672934,418.60270731079913,419.2248319298455,66260200
2021-10-18,421.5248107910156,421.86413581254226,417.8297753264415,418.48961233422193,62213200
2021-10-19,424.7767639160156,424.842724595289,422.54275941839205,423.1554774596146,46996800
2021-10-20,426.4452209472656,426.74686236318604,425.1255757102496,425.23868404969255,49571600
2021-10-21,427.5574951171875,427.7837117980896,425.40835035029045,425.8419419107225,41305400
2021-10-22,427.1143798828125,428.57543902090026,425.1631751155016,427.1238151646005,58845100
2021-10-25,429.4048767089844,429.73479511915855,426.4262620346541,428.2077754238333,45214500
2021-10-26,429.7914123535156,432.1762087588682,429.4143750148794,430.96026549922436,56075100
2021-10-27,427.88739013671875,430.92258842537706,427.8119654031517,430.25334493703315,72438000
2021-10-28,432.01605224609375,432.09144821971626,429.310772221921,429.32017873980527,51437900
2021-10-29,432.89263916015625,433.1848452815996,429.41441402054215,429.7066201419855,70162400
2021-11-01,433.6372985839844,434.25942318135986,431.9029036910467,433.8823570500241,48433600
2021-11-02,435.3905334472656,435.70161012769955,433.6749803616617,433.80695926029597,48908400
2021-11-03,438.0487365722656,438.4540510581206,434.3819780993795,434.82500495506815,52509800
2021-11-04,440.113037109375,440.1978683644072,438.3032173703606,438.6519776741961,52847100
2021-11-05,441.6400451660156,443.63836916180196,440.12246036838644,442.34700103807825,66390600
2021-11-08,442.01708984375,443.2424973018923,441.3290045272223,442.74291629469593,50405200
2021-11-09,440.5560302734375,442.6203436197412,439.1421185987696,442.38469167396323,51149100
2021-11-10,437.0118103027344,440.5560247277753,435.52250268125164,438.8593134798678,69429700
2021-11-11,437.1531982421875,438.58598047307254,437.1343564424519,438.5105557419173,34848500
2021-11-12,440.45220947265625,441.008344462522,437.4735662307573,438.42560903966427,53466700
2021-11-15,440.6031188964844,441.9039221504196,439.47200689409635,441.74369494731434,46980500
2021-11-16,442.34698486328125,443.48753224066024,440.2638296909527,440.33922565746155,48857500
2021-11-17,441.2724304199219,442.26215710599143,440.6503058184097,442.08305932224823,47858300
2021-11-18,442.7712097167969,443.0351387724861,439.57575519666824,442.30931229475857,50625600
2021-11-19,441.9793701171875,443.9117045350223,441.61173927995986,442.65802009464244,57315600
2021-11-22,440.73516845703125,446.3625385887317,440.52779357509166,443.86463348771593,72762000
2021-11-23,441.3194885253906,442.1772649593686,437.7941450351035,440.40515793234624,73206500
2021-11-24,442.49774169921875,442.62028529745334,438.49165914885833,439.31172320953215,61858800
2021-11-26,432.62872314453125,437.2757729097936,431.49758222572393,435.80530697500916,112669600
2021-11-29,437.93560791015625,439.78311122075047,435.23032801383044,437.4360269059508,86268800
2021-11-30,429.4143981933594,437.3982872450258,429.1693109652695,435.48479460121024,148559600
2021-12-01,424.644775390625,438.0015393624395,424.4468358250854,435.1454391380923,131939200
2021-12-02,431.1488037109375,432.72297140039274,424.46571783383473,424.8616257685235,127637800
2021-12-03,427.3972473144531,433.8823649056814,423.1555121550906,432.81724224030523,137331600
2021-12-06,432.45904541015625,434.3442610310532,427.52919620571214,429.9517051824305,98977500
2021-12-07,441.4043884277344,441.9699588724803,432.32707052619116,437.7565007699795,95484700
2021-12-08,442.5732116699219,443.02567377766377,440.03759434211855,441.80029512259415,72238800
2021-12-09,439.58514404296875,442.6768964113346,439.38720446363953,441.28182654086095,61272600
2021-12-10,443.7232360839844,443.874056800748,439.7360230553413,442.2999177081025,77159800
2021-12-13,439.7925109863281,443.55350675639556,439.50971139770047,443.2047464865836,87724700
2021-12-14,436.7666931152344,439.010104059482,433.8351969554868,436.5121993902541,97264100
2021-12-15,443.5911865234375,443.83624496291236,434.29705970277206,436.82327018478196,116899300
2021-12-16,439.6794128417969,445.7309387127813,438.1240869835833,445.4481678837098,116568600
2021-12-17,434.9999084472656,439.60653086796816,433.2877968056322,436.58904595985916,135511600
2021-12-20,430.3743591308594,430.7716290579768,426.74203260424594,429.9013994966571,107134800
2021-12-21,438.0174255371094,438.1593076705926,431.6324697258457,433.80807275170514,69806300
2021-12-22,442.3970642089844,442.5105699227821,437.5634008705162,437.7620647368325,58890200
2021-12-23,445.14959716796875,446.6536052855438,443.2956035526589,443.3996408121307,56439700
2021-12-27,451.449462890625,451.4967473096525,446.4833864717361,446.5306708907636,56808600
2021-12-28,451.0805969238281,452.9156829394374,450.31440448987655,451.88463421803556,47274600
2021-12-29,451.6576232910156,452.6792035816923,450.181991278277,451.1846635723899,54503000
2021-12-30,450.40899658203125,453.095404283241,449.9455053015741,452.083263571022,55329000
2021-12-31,449.2738952636719,451.07113645073605,448.9995994066956,449.9171424306895,65237400
2022-01-03,451.8751220703125,452.00756463480985,448.2238872560393,450.5413723302358,72668200
2022-01-04,451.7238464355469,454.0224527634519,449.8603838627355,453.30354470475135,71178700
2022-01-05,443.04974365234375,452.13057588020047,442.9551459366762,451.35491502576446,104538900
2022-01-06,442.6335144042969,445.35776682155085,440.25924753685416,442.58622998244016,86858900
2022-01-07,440.883544921875,443.82536910158984,439.5214187529986,442.6429699179935,85111600
2022-01-10,440.33489990234375,440.5524428650343,431.90675552654443,437.6768689948834,119362000
2022-01-11,444.3456115722656,444.44020928004124,437.0620210810528,440.0700665321806,74303100
2022-01-12,445.5469665527344,447.6090928817036,443.5794668088616,446.08614756445814,67605400
2022-01-13,439.4079284667969,447.30636106377136,438.3768798065865,446.65367438215316,91173100
2022-01-14,439.5876159667969,439.9376014872319,435.0282780363652,436.2485220098319,95890900
2022-01-18,431.802734375,435.0850758226512,430.68655641963403,434.8769724015517,109709100
2022-01-19,427.319091796875,434.7540044741665,427.04476708624003,433.3540622278281,109357600
2022-01-20,422.5895080566406,433.93107285742065,420.46118932552156,429.21094410901105,122379700
2022-01-21,414.29376220703125,423.828616436145,414.26538578156715,421.46381809024535,202271200
2022-01-24,416.05322265625,416.5640272607591,398.00509159103694,408.6655937906519,251783900
2022-01-25,410.97357177734375,415.9396482515973,404.04943536512155,409.63982206019847,167997300
2022-01-26,409.9425964355469,420.02610174271774,405.66702183195844,416.8856420829711,186391100
2022-01-27,407.9182434082031,417.7085142657729,406.22506858864034,414.5586155924304,149878300
2022-01-28,418.0491027832031,418.0963872077387,404.68325664580124,409.28041120998864,164457400
2022-01-31,425.57855224609375,425.9285377654845,416.02476162080455,417.37741928062076,152251400
2022-02-01,428.45416259765625,429.0973807997152,422.76917831255236,426.3069072910431,123155400
2022-02-02,432.6162109375,433.3445584287272,428.5487405020681,430.8662544052309,117361000
2022-02-03,422.4476318359375,428.4731341093042,421.60574966980835,426.5623872138765,118024400
2022-02-04,424.43408203125,428.2934208063521,419.8274299173056,422.21116548081926,118454400
2022-02-07,423.07196044921875,426.6002216728821,421.7382105038977,425.20027930229384,84472900
2022-02-08,426.552978515625,427.47999009794876,421.14231735317696,422.5706651591553,81012000
2022-02-09,432.7960205078125,433.11762967701776,430.4028453031969,430.6014803174058,92589900
2022-02-10,425.0205383300781,432.95678758172915,423.0151936953488,426.93128524545455,140103700
2022-02-11,416.6396484375,427.18664391321806,415.20186134997584,425.1056385655254,153214600
2022-02-14,415.27752685546875,417.7180150863629,411.7965503726483,416.1288774138365,123006300
2022-02-15,421.9746398925781,422.14489845233356,419.2125426099258,419.7328155876255,88482700
2022-02-16,422.4476318359375,423.82866614912444,418.03964373808554,419.92201420472077,84863600
2022-02-17,413.4235534667969,422.4192566946621,412.81818002832114,419.2504207563761,102259100
2022-02-18,410.74658203125,414.9369979489971,408.46691286548753,413.6789090102442,132642900
2022-02-22,406.3385925292969,411.9478874905425,402.82921086642835,408.53313240570213,124391800
2022-02-23,399.13067626953125,409.8290216743736,398.5631188932216,409.26146429806397,132578000
2022-02-24,405.1372375488281,405.5723812250493,388.43232758179744,388.79175267882744,213942900
2022-02-25,414.07623291015625,414.16136219529494,404.72107583636694,406.376434848572,121804500
2022-02-28,413.01678466796875,414.5018850268596,407.40748965693734,408.665549734316,145615000
2022-03-01,406.7264404296875,413.5276033325065,404.0116274603765,411.5127903599292,137785900
2022-03-02,414.2086181640625,415.9396377899964,408.230401230632,408.98712512747574,117726500
2022-03-03,412.1465148925781,417.2544736461627,410.3398054569245,416.6491002687027,105501700
2022-03-04,408.7980041503906,409.9330901221698,404.7400017983939,408.4007052966077,113978200
2022-03-07,396.7469482421875,408.92092572544067,396.6807269592001,408.2114862090071,137896600
2022-03-08,393.7389221191406,404.106189919639,392.67002865476115,396.92666565064377,164772700
2022-03-09,404.2953796386719,406.2818159822058,399.9536134280835,402.1481531765051,116990800
2022-03-10,402.4698181152344,403.36842427273797,397.70237600280313,399.669875757918,93972700
2022-03-11,397.35235595703125,405.58183714067377,396.8415514153587,404.96699532473235,95636300
2022-03-14,394.4483642578125,401.5900437184911,393.3038099407346,398.12800434178155,95729200
2022-03-15,403.12249755859375,403.75624741323844,395.79162195110837,397.0685900922245,106219100
2022-03-16,412.0614318847656,412.1181847431763,401.8265763662033,406.6413318363514,144954800
2022-03-17,417.21673583984375,417.21673583984375,409.7628852922766,410.14124733248764,102676900
2022-03-18,421.7863464355469,422.1089546797308,414.85969463963477,415.5998027190798,106345500
2022-03-21,421.66302490234375,423.6271389755555,418.1427408368208,421.61556462774155,88349800
2022-03-22,426.5970153808594,427.5363754259685,423.05776502594375,423.05776502594375,74650400
2022-03-23,421.10321044921875,425.553357225726,421.0178166955982,424.05417417852397,79426100
2022-03-24,427.4510498046875,427.4605476512933,422.01411175984157,423.13375729905124,64736900
2022-03-25,429.53851318359375,429.8136901005225,425.4963689988191,428.08676165984116,77101300
2022-03-28,432.5938415527344,432.5938415527344,427.0430166243515,428.9407325686296,68529800
2022-03-29,437.9454650878906,438.4388898555026,433.79895962879624,436.4937132848256,86581500
2022-03-30,435.2411804199219,437.6133254430153,433.1252166348571,436.79729249751,79666900
2022-03-31,428.542236328125,435.29810058107427,428.0867740686455,434.4725987632066,121699900
2022-04-01,429.7568054199219,430.26916792356127,426.1701231101965,430.12684500588364,89048800
2022-04-04,433.4383239746094,433.54271341244913,429.13052949203757,429.9560313211461,59601000
2022-04-05,427.9634094238281,434.4156320427128,426.81529938704466,431.93912663814103,74214500
2022-04-06,423.6841125488281,425.97086406711,420.7901068981446,424.0352143730315,106898000
2022-04-07,425.8190612792969,427.6408816671495,420.8470538426626,422.801699313867,78097200
2022-04-08,424.6803894042969,427.58389261830564,423.13374620427055,425.05992681953586,79272700
2022-04-11,417.42169189453125,422.2418785763653,416.91879823113015,421.3973809199232,89770500
2022-04-12,415.8749694824219,422.95344185969435,414.3188285059621,420.4199783284058,84363600
2022-04-13,420.6382751464844,421.3973500313862,415.4480202657074,415.62830561832044,74070400
2022-04-14,415.4005432128906,421.98561991128474,415.29615377751963,420.86594548757074,97869500
2022-04-18,415.5714111328125,417.26037750600096,413.3320908088153,414.4707321880482,66002500
2022-04-19,422.27978515625,423.000897567329,415.2961750081894,415.4669625036937,77821000
2022-04-20,421.9666442871094,424.6803932967964,420.7995674484736,424.06364137177405,65224400
2022-04-21,415.65673828125,426.9956031035997,414.745842697952,425.6007806681519,85417300
2022-04-22,404.2514953613281,415.67572553702075,403.68217473484395,414.56557782438404,132471800
2022-04-25,406.5950927734375,406.7658802394009,397.41962448292884,402.00262418418777,119647700
2022-04-26,394.81988525390625,404.2515376590332,394.79142066744623,404.0522565969601,103996300
2022-04-27,395.92999267578125,401.2910638857322,393.78559314865083,395.9015280922262,122030000
2022-04-28,405.93096923828125,407.6673957249043,396.24313643650856,400.69328310824267,105449100
2022-04-29,390.92950439453125,404.0901605040377,390.17989845051727,401.9267653758565,145491100
2022-05-02,393.28265380859375,394.64901157407303,384.3064367465445,390.9959026727131,158312500
2022-05-03,395.0855407714844,397.5051173465634,392.2199707737604,393.7856098060658,100028200
2022-05-04,407.11700439453125,407.68632497643506,392.5520285453258,395.7496753190645,144247900
2022-05-05,392.64691162109375,403.26463455087514,388.5004069530426,402.83763688449426,172929100
2022-05-06,390.3032531738281,393.5862938041911,384.9801735986201,390.07553651597715,151770800
2022-05-09,377.80682373046875,385.6254048215441,376.222218040834,384.3824030885751,155586100
2022-05-10,378.67974853515625,385.312256912979,374.6281351627776,383.80357611684485,132497200
2022-05-11,372.6640319824219,383.37664841900136,371.9144259489371,377.7119642029677,142361000
2022-05-12,372.27496337890625,375.55800411972643,365.4526716917147,369.4568538157906,125090800
2022-05-13,381.1752624511719,382.5605871160499,375.3777246252647,376.42147428654954,104174400
2022-05-16,379.6286315917969,383.31020563192266,377.265984202447,379.5242711006799,78622400
2022-05-17,387.43768310546875,387.67489759175146,381.9912188097621,385.73921927576754,83029700
2022-05-18,371.8194885253906,383.1488555613553,370.57648684005943,382.86420973908423,117674500
2022-05-19,369.542236328125,373.9829138685316,367.31241418995535,368.7451990662184,98510700
2022-05-20,369.7034912109375,376.7250335567143,361.07837677134614,373.1383520179056,131432200
2022-05-23,376.6207275390625,377.38930019728645,370.415188153358,372.7398728634355,76414900
2022-05-24,373.7457275390625,374.94126904362616,367.17011895813306,372.4837300616024,91448800
2022-05-25,377.0476989746094,379.02133983121746,371.84797566495524,372.24647980927637,91472900
2022-05-26,384.58160400390625,386.2231386417738,378.0724525251895,378.2812024273643,82168300
2022-05-27,394.02276611328125,394.1366244354948,386.84940224535666,387.0486543092304,84768700
2022-05-31,391.8119812011719,395.1614492463279,389.0602984118207,392.4002686094712,95937000
2022-06-01,388.6427917480469,394.95269241980327,386.118825687974,393.9374362442217,86585800
2022-06-02,396.0438537597656,396.0912850769354,386.2231676872298,388.48145435599463,79609600
2022-06-03,389.5442199707031,392.8652233845477,388.56689726718866,391.3090821713431,71874300
2022-06-06,390.7302551269531,395.3037288108325,389.5536514825728,393.5673313620774,57508900
2022-06-07,394.47821044921875,394.9336727076749,386.7639903779014,387.22895048242367,59272400
2022-06-08,390.18939208984375,394.55414472787754,389.39235483614425,392.76078918941744,64350000
2022-06-09,380.9095153808594,390.68274010880896,380.9095153808594,388.4054869539983,86289800
2022-06-10,369.8648376464844,375.539018923671,369.81740632911726,374.6850525131261,132893900
2022-06-13,355.8217468261719,362.28346743198733,354.2086766578207,360.42371387649325,170004900
2022-06-14,354.74957275390625,358.61143216554296,351.6373193482159,357.57718031270616,104011800
2022-06-15,359.80694580078125,364.26656078644334,353.0890153068255,358.0610216928037,125666800
2022-06-16,347.8987731933594,351.96938204270447,345.460201230786,351.5613800602234,134473300
2022-06-17,348.6487121582031,352.0031382377941,345.1323288130653,348.3152005903648,111113900
2022-06-21,357.425537109375,358.8168459845613,354.3188884339103,354.3951412687327,76811900
2022-06-22,356.7774963378906,360.90378632423085,352.76552742803,353.1848307301624,90059400
2022-06-23,360.27484130859375,361.00860756659887,355.3480709955404,358.9216589541497,79292100
2022-06-24,371.7293395996094,371.7388784729005,363.4290948216974,363.45768235964005,98050300
2022-06-27,370.30950927734375,372.94918935666453,369.213614685377,372.65377505140225,66009600
2022-06-28,362.7430419921875,374.66454224306847,362.62869181609204,371.87238547630193,86548900
2022-06-29,362.4476013183594,364.286801041329,360.6179404700163,363.29574686594935,65676000
2022-06-30,359.5029602050781,362.75254644984545,355.0335903944629,358.5404645110338,112508300
2022-07-01,363.30523681640625,363.74361787819856,356.2152359819502,358.84540602497094,74839700
2022-07-05,363.9914245605469,364.0105023117819,355.357637013048,358.197459162974,81438000
2022-07-06,365.2206726074219,367.7174146268019,361.7423863037376,364.1342879585382,70426200
2022-07-07,370.6906433105469,371.49112350460933,365.2397294426553,367.0027052771426,64525900
2022-07-08,370.3857727050781,372.2630989693945,367.5173631175756,369.0516097738158,72397800
2022-07-11,366.15460205078125,368.6703928823558,365.4589331166824,367.6983874150096,58366900
2022-07-12,362.9145202636719,367.9937962223962,361.16108326606883,365.6018653816874,62219200
2022-07-13,361.0085754394531,363.95323724739484,357.03476226900284,357.454065545386,84224600
2022-07-14,360.1319274902344,361.21828317909234,353.5851185689936,356.03419557677825,89704800
2022-07-15,367.0122985839844,367.1266487598198,362.63822986665895,364.5536534757757,79060400
2022-07-18,363.9819030761719,370.7860002847752,362.7525805204478,370.109409022233,63203600
2022-07-19,373.81634521484375,374.38812509860895,367.26002700439284,367.9175404264999,78506000
2022-07-20,376.19873046875,377.6186558198573,372.6346814850552,374.00694154890255,71843800
2022-07-21,380.0296325683594,380.07726877334886,373.2064587109506,375.6174381384512,64903900
2022-07-22,376.5036926269531,381.354239171884,374.273777240293,380.15353339871814,72197300
2022-07-25,376.96112060546875,377.8187758914489,374.71212748110185,377.1326458462782,53631500
2022-07-26,372.5013122558594,375.52216914554964,371.6055305018474,375.31251747797376,52946400
2022-07-27,382.1737976074219,383.9272346038622,375.51260989744463,375.8080241745554,82342100
2022-07-28,386.9671630859375,387.6628029165216,379.41973266149375,382.98381076172706,73966600
2022-07-29,392.6086730957031,393.5997563368219,387.6342373050366,388.40613000686983,87003700
2022-08-01,391.446044921875,393.9618647731453,389.18754201289954,389.90225959583773,69997500
2022-08-02,388.8635559082031,393.5711649045606,387.6818987628926,389.8736878063429,63435400
2022-08-03,394.9530029296875,396.1251213163918,390.7123330479774,390.99820848816455,67820600
2022-08-04,394.6861572265625,395.5628612557088,393.0375313820632,394.8767311502338,45656600
2022-08-05,394.01904296875,394.6670466027406,390.3311048647374,390.38827994526997,56814900
2022-08-08,393.5616149902344,397.973809576496,392.45618162514177,395.7153066396332,53886100
2022-08-09,391.998779296875,393.33291297938877,390.9219334767961,392.8278470466538,44931800
2022-08-10,400.2322082519531,400.3751749986092,397.11605083312713,399.0791389805601,68665700
2022-08-11,400.2322082519531,404.9588936331609,399.48890331342926,403.0910778742644,59489700
2022-08-12,407.00787353515625,407.1126848285764,401.2234185174377,402.1763753606097,61694500
2022-08-15,408.68505859375,409.20920230766916,404.73029350332524,404.7874685874713,54048300
2022-08-16,409.4855651855469,411.4200664046575,406.79821992098886,407.60823905019834,59289000
2022-08-17,406.57904052734375,409.29497340825594,404.5683155020595,405.87386175365134,63563400
2022-08-18,407.7607116699219,408.4468126683968,405.4831308884467,406.7791382170342,49023200
2022-08-19,402.28125,405.2544709508292,401.4045168335552,404.9876441752916,68016900
2022-08-22,393.90472412109375,397.6022013931033,392.9994034708054,397.43064705593497,77695600
2022-08-23,392.9517822265625,395.8773668795127,392.39905094051335,393.4758968870475,49105200
2022-08-24,394.20965576171875,395.5818868105569,392.0369154016521,392.72301638510424,49177800
2022-08-25,399.7749328613281,399.8225690705073,394.60989399755806,395.705788546093,50942300
2022-08-26,386.24285888671875,400.2036680435003,386.1856838140656,399.66050485329504,103087000
2022-08-29,383.68902587890625,386.74800926201755,382.3263045463414,383.27926140804027,65370800
2022-08-30,379.4768981933594,385.0898273941945,377.37087192480084,384.8515882073733,85652400
2022-08-31,376.5894775390625,382.36439367038383,376.4560787038959,381.1160225349225,76029700
2022-09-01,377.7711181640625,378.1141686261382,371.69124959831555,374.4071820841404,78740100
2022-09-02,373.7878112792969,382.669376712605,371.96766008061695,381.44959302387997,99632100
2022-09-06,372.37744140625,375.5793625780909,370.14752578687444,374.63594456887637,76637400
2022-09-07,379.06719970703125,379.83909248004124,371.8437991022164,372.0629605797766,70964200
2022-09-08,381.54486083984375,382.00226150651457,375.57934176857907,376.7896155569929,80821700
2022-09-09,387.4722595214844,388.3394537414485,383.5270042184785,383.79383097216476,76706900
2022-09-12,391.6366271972656,392.3608836158905,389.24469650665134,389.5496496389072,69256300
2022-09-13,374.6073303222656,384.1368984857324,373.48284825864073,382.92662471653426,122947100
2022-09-14,376.0367431640625,377.56147979584756,372.7204431710749,375.9128541322022,85023700
2022-09-15,371.76751708984375,377.3327815354644,370.4905584164042,374.473911020677,87633800
2022-09-16,368.9312744140625,369.5915179083792,365.63005694247903,367.572533600681,103084800
2022-09-19,371.79241943359375,371.79241943359375,365.6971524903318,365.7737185651322,73278500
2022-09-20,367.5246887207031,369.46713626314875,364.759345889,368.45285503614133,77274900
2022-09-21,361.1136779785156,372.5195676498082,361.1040999209618,369.45756777486804,106746600
2022-09-22,358.0804138183594,361.98443625276843,357.3340552999548,360.33861628892794,89472600
2022-09-23,352.080810546875,354.63564059434674,347.62178673365196,354.5973575655179,122346900
2022-09-26,348.59783935546875,354.24337513079183,347.373045054377,350.6072752623192,92581200
2022-09-27,347.7079162597656,354.42514263246454,345.3061598238864,352.14778414446056,108294100
2022-09-28,354.5495300292969,356.24318175796077,346.96154744867806,348.6647772350154,110802200
2022-09-29,347.1434326171875,351.277095458396,344.186703076007,350.9900456782433,112952300
2022-09-30,341.775390625,350.12889019439274,341.64144378590817,346.1961327388945,153711200
2022-10-03,350.79864501953125,352.6549780572887,343.7178017916793,345.50714681640204,89756500
2022-10-04,361.668701171875,361.69740614716403,350.76037254104983,356.3389202158151,103602800
2022-10-05,360.82659912109375,363.09437945569084,354.951424456926,357.2861927916206,88065700
2022-10-06,357.10443115234375,362.3863509600016,356.6068393173464,359.4200436718051,82333500
2022-10-07,347.1434326171875,357.1905837421588,345.37321443584074,353.05689169954843,107789500
2022-10-10,344.49285888671875,348.5021527143666,342.24423427525903,348.26293484494323,76042800
2022-10-11,342.3111267089844,347.3729840208437,340.3686791539774,342.78956235505893,92482800
2022-10-12,341.18206787109375,344.3014780144964,340.93327195985853,342.7226460270839,76991800
2022-10-13,350.18621826171875,351.6598083555464,333.09648032022864,334.14904467296265,147254500
2022-10-14,342.2059326171875,354.2912233950089,341.5648159134059,352.6549522321895,123737000
2022-10-17,350.99957275390625,352.1095470782715,341.8710114527869,348.31076646522916,93168200
2022-10-18,355.1236877441406,359.2573792050148,351.6693668016211,358.9511733483431,97162900
2022-10-19,352.60711669921875,355.8126417822186,349.7843343422343,353.07597434848265,79746900
2022-10-20,349.650390625,356.5972865092172,348.8848759647924,352.15738908420826,88283100
2022-10-21,358.1473388671875,358.6353233348347,347.8609732017247,349.3728168881289,131038400
2022-10-24,362.5298767089844,363.6685560552677,357.0182878867323,359.67841851526555,85436900
2022-10-25,368.3189697265625,368.63472445502714,362.33852319095206,362.4533430922119,78846300
2022-10-26,365.5439758300781,370.8641781012246,364.9028883902584,365.16123313746095,104087300
2022-10-27,363.5920104980469,368.39549448506307,362.97002071766786,366.54873966390204,81971800
2022-10-28,372.2420959472656,372.7205316401089,363.30492070912123,363.4867286085135,100302000
2022-10-31,369.5532531738281,371.6488036375308,368.64424296808414,369.77334408329176,96631300
2022-11-01,367.9361572265625,373.5530165227909,366.75922416699274,373.3137986877374,85407600
2022-11-02,358.7023620605469,371.868921318945,358.59712022761437,367.3429092735215,126990400
2022-11-03,355.0088806152344,358.0613028304703,352.88462486045256,355.44903329915525,87100100
2022-11-04,360.11859130859375,362.5298969522744,354.0424515033242,360.74055193717084,103505200
2022-11-07,363.563232421875,364.1564879071983,359.33384877269225,361.4198210279877,68286900
2022-11-08,365.5248718261719,368.5103058976594,361.4294634355471,364.6732422704296,84641100
2022-11-09,357.9942321777344,364.70190873628627,357.4966404572692,363.5440735416594,78495500
2022-11-10,377.6675109863281,378.0024217596619,369.0078379693138,371.3138719539829,141455800
2022-11-11,381.3227844238281,382.1265527975728,376.63409177489325,378.52870742818754,93839900
2022-11-14,378.07904052734375,382.9208077010258,377.8015396320112,379.55263072845537,71903500
2022-11-15,381.3036804199219,384.9589362297327,377.4761947639268,383.8489618853264,93194500
2022-11-16,378.3948059082031,380.62430341627146,377.76326728154146,379.6674320185533,68508500
2022-11-17,377.2369384765625,377.9163381362893,373.3137894399865,373.61996606820946,74496300
2022-11-18,378.9498291015625,380.65305924901264,376.0887925845708,380.58607123388674,92922500
2022-11-21,377.5718078613281,378.74876996403566,375.7250534313708,377.6196689427408,51243200
2022-11-22,382.65283203125,382.81551300299,378.107693296842,379.5238733518545,60429000
2022-11-23,385.064208984375,385.5521935507362,382.0883236888626,382.3179634847973,68261600
2022-11-25,384.9780578613281,385.53305962661244,384.2221504796513,384.49962216089574,30545400
2022-11-28,378.8349304199219,383.52359408000194,378.0694158378015,381.8777742301874,67881600
2022-11-29,378.1842956542969,380.16499726824185,376.3375116508364,378.9689080128027,52310000
2022-11-30,390.0973205566406,390.0973205566406,376.509764364217,378.4330559976652,144566700
2022-12-01,389.8102722167969,392.3172705907876,387.29369578444215,391.14030826651214,76398200
2022-12-02,389.36053466796875,390.2695449532932,384.7962687221607,384.90151055673,85342700
2022-12-05,382.356201171875,387.46589043521953,380.99746027187206,386.52817524543025,77289800
2022-12-06,376.84466552734375,382.7389970887848,374.7491439436975,382.1936025622626,77972200
2022-12-07,376.20355224609375,378.576603761954,375.0648729769194,375.9930393761272,65927900
2022-12-08,379.1506652832031,380.22235644073726,376.30875642373786,378.09813024009253,60737900
2022-12-09,376.318359375,380.4711774858571,376.1939614285939,377.9067693033474,81447700
2022-12-12,381.74383544921875,381.74383544921875,376.4427600120724,377.11255243392947,75405800
2022-12-13,384.63360595703125,392.78613994486886,381.85868467865026,392.52779517391076,123782500
2022-12-14,382.1744079589844,388.01132898247715,379.2176790178847,384.28908544733156,108111300
2022-12-15,372.8258056640625,378.2034182224786,371.16085878407677,377.29437871823495,117705900
2022-12-16,368.4241638183594,371.6059498118414,366.2805608411349,370.2601841754804,119858000
2022-12-19,365.3000183105469,368.9528439474984,363.6274261236804,368.6163952350112,79878100
2022-12-20,365.79986572265625,367.4244062499485,363.21405999982943,364.5406106633448,74427200
2022-12-21,371.26953125,372.4038173364099,367.86664365527946,368.40494991105,78167400
2022-12-22,365.97296142578125,371.25029904353386,360.2534206059007,368.2126968828108,100120900
2022-12-23,368.0780944824219,368.22227840834165,363.3871151892416,364.9443602601523,59857300
2022-12-27,366.6265563964844,368.30877056523445,364.94434222773435,367.9627291601254,51638200
2022-12-28,362.0701904296875,368.5395164418001,361.8394961456738,366.559282940557,70911500
2022-12-29,368.5875549316406,369.4623098415616,364.39642312891414,364.92513662505775,66970900
2022-12-30,367.61669921875,367.7608831535474,363.77163783487043,365.89605537101687,84022200
2023-01-03,366.0690612792969,371.4617455709304,363.19485806302197,369.4815413852033,74850700
2023-01-04,368.8951721191406,370.93304981286974,365.2808052899679,368.3376218305615,85934100
2023-01-05,364.6849060058594,367.04961089547925,364.0889260962027,366.9342637304482,76970500
2023-01-06,373.0478820800781,374.1725755616377,364.7137270754062,367.78975890711524,104189600
2023-01-09,372.8363342285156,378.4501492308945,372.6537208155279,375.2491194480199,73978100
2023-01-10,375.4509582519531,375.5182538581445,371.307907483687,372.249957963906,65358100
2023-01-11,380.1996765136719,380.2765941727516,376.22005305330094,377.0371345019458,68881100
2023-01-12,381.5838928222656,383.05462766402485,377.21976916675254,381.3051469866937,90157700
2023-01-13,383.0642395019531,383.64100457532766,378.1041068077167,378.37325993055947,63903900
2023-01-17,382.3625793457031,384.72731367129757,381.6800890332735,383.0450989936287,62677300
2023-01-18,376.32574462890625,384.6214688994839,376.12388712892096,383.55447849264397,99632300
2023-01-19,373.586181640625,375.93164211812586,372.2596307570735,374.27826453413996,86958900
2023-01-20,380.54571533203125,380.69952130177495,373.3362255124201,374.98960301780386,91806400
2023-01-23,385.1117248535156,387.0534702139708,380.39190867323447,381.35317398077467,84178800
2023-01-24,384.6983947753906,385.61157923279035,382.23755789038205,383.4295175059516,59524900
2023-01-25,384.84259033203125,385.17903907302156,378.315590364586,380.6130286416279,84800300
2023-01-26,389.0721740722656,389.2356020993196,384.5350001709371,387.51492880424684,72287400
2023-01-27,389.96612548828125,392.35007414970727,387.8129004621486,388.02438001546454,68346200
2023-01-30,385.0732727050781,389.43742549092923,384.7752828014121,387.1976608576454,74202000
2023-01-31,390.7351989746094,390.78325051393244,385.2463520169904,385.59242284079636,86811800
2023-02-01,394.8877868652344,397.64664301137975,386.7651124067299,389.51431717670346,101459200
2023-02-02,400.6361083984375,402.10684297924075,396.887179990065,398.79046630905407,101654500
2023-02-03,396.3777770996094,400.81881836953994,395.16657335854075,395.647206038585,94736800
2023-02-06,393.9553527832031,395.35882127051354,392.2923825560251,393.91692329199503,60295300
2023-02-07,399.1077575683594,400.3573907721146,391.7829203949697,393.032553598725,90990700
2023-02-08,394.7436218261719,398.47333618854617,394.05150958021073,397.12757052570265,76227500
2023-02-09,391.321533203125,398.51180904846075,390.0911146487058,398.35800306222177,78694900
2023-02-10,392.2347717285156,392.6192720505302,389.32213851940145,390.13919070287204,70769700
2023-02-13,396.8391418457031,396.97373306906144,392.4269376283513,392.88835553423695,64913500
2023-02-14,396.6565246582031,398.9731481995332,392.6864943036978,395.3107297793623,88389300
2023-02-15,397.94464111328125,398.02152943385084,393.6093249869712,394.4552431906893,61555700
2023-02-16,392.4654541015625,396.9161177986782,392.33089219392804,392.9557088651088,76431500
2023-02-17,391.48492431640625,391.72524064683955,388.3992415120903,390.33139419613065,89257800
2023-02-21,383.6313781738281,388.5050004519839,383.37184709473024,387.4476027187317,82655900
2023-02-22,383.1026916503906,385.59236532715204,381.6415495785843,384.04471289617135,83742300
2023-02-23,385.1405334472656,386.6208901264533,380.90135023106023,386.0056662936268,96242400
2023-02-24,381.0263671875,381.86266335503956,378.39250949469886,380.1035606580243,108194400
2023-02-27,382.3240661621094,385.7461683533758,381.3820155880344,384.381158691797,80444700
2023-02-28,380.91094970703125,383.8139599905644,380.8051952827532,381.843378105278,96438600
2023-03-01,379.44989013671875,381.32436937882426,378.1425832891619,380.0939508547448,99706800
2023-03-02,382.4009704589844,383.2468886693395,377.1332257261761,377.46967446922514,85127800
2023-03-03,388.5338134765625,388.7837518351791,383.57368114205974,384.2273344879158,90120000
2023-03-06,388.8029479980469,391.6675289386707,388.36077420704004,389.36046892275226,72795900
2023-03-07,382.8431091308594,388.99523033703184,382.22791461153497,388.75491401914974,108310600
2023-03-08,383.4679870605469,384.2273655669412,381.228222362903,382.95851759749536,74746600
2023-03-09,376.3930358886719,385.9288005055939,375.4029338100162,384.2561789471598,111945300
2023-03-10,370.9619140625,377.9310878372953,369.43350567904514,375.8451291239822,189253000
2023-03-13,370.4331970214844,375.2683898395796,365.9056454879313,367.0207168016272,157790000
2023-03-14,376.5564880371094,378.20986562096294,372.05774388118834,375.3741210898015,149752400
2023-03-15,374.2012939453125,374.4031514115427,368.84704005468495,370.9426203628024,172996900
2023-03-16,380.76678466796875,381.11285543111916,371.3271816979503,371.83665113455567,143254200
2023-03-17,376.3146057128906,380.5699682371999,374.92509838056725,379.43135317104435,140553400
2023-03-20,379.93310546875,380.34804947070256,376.39181416317825,377.096197140022,93055800
2023-03-21,384.9218444824219,385.4043115062477,381.70859761316973,383.31039166596554,91524200
2023-03-22,378.36029052734375,388.3763110569279,378.32171436604824,384.74817891591067,111746600
2023-03-23,379.3831481933594,385.28854009810937,376.66202699883297,381.2358051510508,119351300
2023-03-24,381.87261962890625,381.95946015274023,375.7452830138486,378.0997242626186,107682400
2023-03-27,382.5866394042969,384.93145120313267,381.6892579286953,384.1594864009113,74010400
2023-03-28,381.7279357910156,382.5867118272092,379.88490812660376,381.8919580974175,62871700
2023-03-29,387.2762451171875,387.5174786036879,384.6998585244868,385.9060259569887,77497900
2023-03-30,389.5439147949219,390.1711160814541,387.67194025222716,389.92022378786027,69840000
2023-03-31,395.03436279296875,395.3334899911043,390.3640561017006,390.4702141593181,112062600
2023-04-03,396.5396728515625,396.94492867550616,394.117678882102,394.5133053894906,67391100
2023-04-04,394.3396301269531,397.4756659402077,392.95975198905785,397.1861680428209,66601500
2023-04-05,393.30712890625,394.36856226217395,391.6474411444736,393.60625610917623,65200200
2023-04-06,394.8413391113281,395.12117821186206,391.4544114056551,392.50618591410193,63743300
2023-04-10,395.24658203125,395.32379323799756,391.73423775786677,392.3517801746106,63681000
2023-04-11,395.35272216796875,396.76151742909195,394.5807868201482,395.87379472384293,59297900
2023-04-12,393.7413635253906,397.71691691277425,393.15276783554935,397.4274190026867,86420400
2023-04-13,398.9712829589844,399.3283038460065,393.68343376221134,394.83170763787456,85814800
2023-04-14,397.9967041015625,400.5344854544586,395.6808681891024,398.33443692050383,78161500
2023-04-17,399.4248352050781,399.44412328655056,396.6747670514419,397.90988155708993,66436400
2023-04-18,399.6853942871094,401.14245437982,398.305545422432,401.00734945448943,63560000
2023-04-19,399.6177673339844,400.52477817155267,397.7071874777372,397.7650811599767,55227300
2023-04-20,397.4370422363281,399.19322927918245,395.8834830992031,396.79052346430586,75840400
2023-04-21,397.7458801269531,398.20902968622784,395.7870649226427,397.7362213619835,73457400
2023-04-24,398.1607360839844,398.58530941572457,396.2019211683217,397.54316416601694,64332100
2023-04-25,391.8404541015625,396.7423361670403,391.7825604072615,396.18265785885905,97766700
2023-04-26,390.18072509765625,393.5387062510406,389.62107629581755,392.4579848078688,80447000
2023-04-27,397.948486328125,398.2186667054327,392.4772968783276,392.7281891742036,92968400
2023-04-28,401.344970703125,401.35462946580685,397.0027679286983,397.06066160989485,89433100
2023-05-01,400.93975830078125,402.97575502045316,400.7081541034972,400.9011526933255,62122300
2023-05-02,396.4334411621094,400.27388869700667,393.5193513762233,400.2256243333907,103998500
2023-05-03,393.71234130859375,399.35721082896305,393.47110782009463,396.93521718124856,91531800
2023-05-04,390.92376708984375,392.9887108063429,389.58249452022886,392.66063673727115,94901900
2023-05-05,398.1607360839844,399.21251064978856,394.3106587025835,394.5711802912855,87891800
2023-05-08,398.26690673828125,398.74937380733377,396.8581111419347,398.4888521911285,50046800
2023-05-09,396.5202941894531,397.63962108590425,396.2887194686173,396.71329275511414,49220100
2023-05-10,398.37298583984375,400.0037265657887,394.5325381303641,399.3668666271847,96142900
2023-05-11,397.6782531738281,397.9677215941515,395.593992205154,397.5045721216341,70157100
2023-05-12,397.1571960449219,399.1353284857044,394.72557287711214,398.923041820046,70481500
2023-05-15,398.5273742675781,398.93263003006393,395.84485910381983,397.76506821297346,54289400
2023-05-16,395.86419677734375,398.34408437055214,395.8545380135922,397.417726473918,57705500
2023-05-17,400.6695556640625,401.2774393485742,396.24051213507045,397.8905410307854,87287000
2023-05-18,404.529296875,404.95387019652003,400.1292001314732,400.3511161080979,97177200
2023-05-19,403.94061279296875,405.96697981369744,402.71515737658484,405.436277963065,103793300
2023-05-22,404.1047058105469,405.64860605306404,402.71519853702625,403.9599716044401,60745400
2023-05-23,399.5694885253906,404.0371373438998,399.1738620794214,402.45463156002285,86383500
2023-05-24,396.6747131347656,398.3440595499911,395.50715124414705,397.9580918408348,89213700
2023-05-25,400.10986328125,401.5669229937081,397.94842061968114,400.1967038045329,90961600
2023-05-26,405.2915954589844,406.015296007875,400.6888705691221,400.7660523374588,93830000
2023-05-30,405.44598388671875,407.76181972765335,404.05647649266785,407.23111777674455,72216000
2023-05-31,403.19775390625,404.5197090242205,401.6249064777318,403.61266853719104,110811800
2023-06-01,407.02850341796875,408.0899368025651,402.1748861409727,403.42928867439025,88865000
2023-06-02,412.9145812988281,413.70580481996393,409.0837920383036,409.6144939735416,91426200
2023-06-05,412.12335205078125,414.5549753347994,411.41893957028475,413.2619671994321,65460200
2023-06-06,413.02069091796875,413.5513928288073,411.05221735044984,411.70839483792156,64022200
2023-06-07,411.59259033203125,414.5549448111663,411.1680170116852,413.41632974635155,85373300
2023-06-08,414.0821228027344,414.53564295041497,410.88819369048633,411.6601290941159,61952800
2023-06-09,414.82513427734375,416.84184286960624,413.8312534027369,414.88302796344124,85742800
2023-06-12,418.58837890625,418.6655901207844,415.08569304232174,415.80939357946767,76104300
2023-06-13,421.34808349609375,421.9945727847897,419.38926865621204,420.05507547125325,95899700
2023-06-14,421.8498229980469,423.66390356059924,418.38571360357616,421.6858007148604,100612100
2023-06-15,427.0798034667969,428.33420591477267,420.9331784663069,421.0296483104209,110303100
2023-06-16,425.6250915527344,429.64443703691825,425.15052699072436,429.0730147226843,114165800
2023-06-20,423.4168701171875,424.56940938616935,421.3345614533151,423.67838900347647,76160400
2023-06-21,421.24737548828125,423.2328262923549,420.65656392245774,422.4289690630937,76982300
2023-06-22,422.7679748535156,422.8744976898845,419.9495827719529,420.28857012220664,70637200
2023-06-23,419.5718078613281,421.3635726421897,418.85511377171673,419.3006239174076,92074500
2023-06-26,417.8575439453125,420.92773045025166,417.61541436670325,419.0003884627084,72823600
2023-06-27,422.43865966796875,423.0584960393973,418.2837076907825,418.7389124953398,72813700
2023-06-28,422.6517333984375,423.6686658346734,420.7340564410632,421.35389281030996,75636000
2023-06-29,424.31756591796875,424.48222704472147,421.8284961877175,422.23525734843753,67882300
2023-06-30,429.3248291015625,430.3127072151387,427.2231311982605,427.542758817571,104964000
2023-07-03,429.8187561035156,430.099605137091,428.6952712987132,428.9761498891222,32793400
2023-07-05,429.1795349121094,429.9156183055728,427.98824671850423,427.99794136005,58418400
2023-07-06,425.81884765625,426.24499816119686,423.3006936425201,425.5864126742204,80658300
2023-07-07,424.74371337890625,428.7049794666193,424.5015837898049,424.82121139924607,86134200
2023-07-10,425.81884765625,425.9931738927722,423.81400726572804,424.38542963444337,62443500
2023-07-11,428.53057861328125,429.0245323812659,425.60566412512924,426.5838770203675,64463800
2023-07-12,431.97857666015625,433.3926348395561,430.90353539722554,432.33695330463644,91924500
2023-07-13,435.4071044921875,436.20129662814134,433.3635449730267,433.7993604938544,72425200
2023-07-14,435.13592529296875,437.15043046608764,434.3707875167091,436.29815914154455,69815800
2023-07-17,436.6468200683594,437.7025015489115,434.9422182723966,434.9906619251845,52680200
2023-07-18,439.891357421875,440.5402481729128,435.88167721390397,436.3175222997564,80668200
2023-07-19,440.8695373535156,442.06079593363415,439.8138264075879,440.6855165139013,65891700
2023-07-20,437.9446105957031,440.7726971193373,437.2279164909502,439.87198216766114,70591600
2023-07-21,437.9446105957031,439.87198216766114,437.9349455110671,439.66857203779847,71275600
2023-07-24,439.90106201171875,440.7146139077843,438.0608534359134,439.09717520084894,54023400
2023-07-25,441.10198974609375,442.36105174998073,439.58140887722743,439.6298525277362,55191200
2023-07-26,441.1697692871094,442.6031574189834,439.10682063047216,440.1625020043204,71052900
2023-07-27,438.2448425292969,444.97605663564536,437.33443294941236,444.5692659386792,92194400
2023-07-28,442.5354309082031,443.3683425271831,438.2448720243851,441.5281635177411,80011800
2023-07-31,443.3780212402344,443.7363682986347,441.69277922202156,443.0099795402013,62040400
2023-08-01,442.10931396484375,442.8550625330218,441.1504605979434,441.9059038088372,55291500
2023-08-02,435.95916748046875,439.2424293013425,435.2037243534402,438.9809399885829,93933400
2023-08-03,434.7098083496094,436.5984311098676,433.28608507597204,433.9350054287447,64276100
2023-08-04,432.74371337890625,438.6419870167452,432.2207051555838,436.5306239523306,100128900
2023-08-07,436.5209045410156,436.6758710264232,433.8865334027571,434.58386780867363,58357500
2023-08-08,434.6225891113281,436.5112116276927,431.2521347714645,433.9736688423559,71361300
2023-08-09,431.717041015625,435.0584410413958,430.9519032671321,434.89377992203646,78789600
2023-08-10,431.8719787597656,437.4797077337631,430.7000799467868,434.0801991995361,93005500
2023-08-11,431.6202392578125,432.6372013595299,429.3926586562478,429.9931353632694,68690900
2023-08-14,434.00274658203125,434.00274658203125,430.3901920283433,430.7001249960908,47867400
2023-08-15,428.94708251953125,432.579026131367,428.37563071458953,432.22064953392635,75707500
2023-08-16,425.7994384765625,430.19649067911223,425.6928860842807,428.5306378687395,80107200
2023-08-17,422.5549011230469,427.5330703308015,422.0318929109953,427.2715810031936,95711300
2023-08-18,422.7582702636719,423.79459201752337,419.3781505964978,419.7268030238674,98852000
2023-08-21,425.5088195800781,426.25456801870916,421.6153867167136,423.7751635748503,68719000
2023-08-22,424.3563232421875,427.29093275792906,423.79459558552884,427.29093275792906,64994200
2023-08-23,429.08270263671875,429.7025685957629,425.27643244437724,425.42170429201707,68441000
2023-08-24,423.135986328125,431.2037309919438,423.1069024037369,430.6904174605944,88517300
2023-08-25,426.1190490722656,427.4071655617542,421.30551135792575,424.86965203853134,102325100
2023-08-28,428.8211975097656,429.4410338891343,426.1190230158921,428.31754904739176,61595400
2023-08-29,435.01971435546875,435.30059295851436,428.53062945762133,428.71465031235795,83081900
2023-08-30,436.81146240234375,437.450688048326,434.651655881381,435.35868490424787,69053900
2023-08-31,436.1722106933594,438.5741170969809,435.9881898567165,437.43127262707503,66084600
2023-09-01,436.9858093261719,439.38774554402755,435.523337117232,438.9034863550366,58944100
2023-09-05,435.09722900390625,436.8599397169958,435.02945517404754,436.5403416261706,55166200
2023-09-06,432.1722412109375,434.39015641541886,429.83810853841925,434.2836040318296,70758500
2023-09-07,430.8454284667969,431.52337363207397,428.8115338572922,429.16018630397696,70355400
2023-09-08,431.4942932128906,433.0342338731247,430.53546948555345,430.89381655306994,61659700
2023-09-11,434.33209228515625,434.6419957128025,432.41441519511204,434.1286821383693,60180100
2023-09-12,431.94952392578125,434.4095690069945,431.36843651488084,432.8793228968955,67565400
2023-09-13,432.453125,433.61532925118615,431.0681213376737,432.17224641097573,60199300
2023-09-14,436.181884765625,436.87921911968556,433.62501183862486,434.93251744709244,83430800
2023-09-15,430.92669677734375,434.9213639440362,430.4893439452129,434.5909096949505,111848900
2023-09-18,431.1794128417969,432.4818018322225,430.13943555280594,430.61567408318183,55752200
2023-09-19,430.28515625,430.84889492531386,427.59290809982576,430.2559993985934,66514600
2023-09-20,426.3294372558594,431.9666464690887,426.1253096194747,431.54872168026867,82562600
2023-09-21,419.28289794921875,423.7343455427682,419.12738484772433,423.47193386836017,104095800
2023-09-22,418.340087890625,421.9167999657982,417.9221334858743,420.3131138681717,100829700
2023-09-25,420.099365234375,420.1382212681615,416.6878647901077,417.1252472895092,70874500
2023-09-26,413.927490234375,417.75691472810615,413.0916110989526,417.0473918297549,96168400
2023-09-27,414.0927734375,415.66733259102807,410.4383190788538,415.1035938461481,104705800
2023-09-28,416.4934387207031,418.1748963964089,412.94588306815257,413.53877864718345,92258300
2023-09-29,415.4826354980469,419.72998517929483,413.9566909765415,419.55504406068815,115111300
2023-10-02,415.31744384765625,416.57124800501185,412.5474238232593,414.64680648403083,83798600
2023-10-03,409.7579040527344,415.3756848487803,408.38747270874785,413.1305182978698,103760600
2023-10-04,412.7417907714844,413.49016980797626,408.7568525933047,410.2244834730011,87453000
2023-10-05,412.5862121582031,413.43179046208184,409.3496831914452,412.4501270853044,70142700
2023-10-06,417.48480224609375,419.0301747224433,408.7957044273052,410.12725010221135,113273300
2023-10-09,420.15765380859375,420.7310917141289,415.0258398518271,415.57982008053864,80374400
2023-10-10,422.3445129394531,424.94929081738496,420.39091470045764,420.7894114868797,78607300
2023-10-11,424.0745849609375,424.3272678309944,421.02269555303803,423.4136764375653,62451700
2023-10-12,421.48919677734375,425.06590928014145,419.12740262422676,424.68687017880916,81154200
2023-10-13,419.3897705078125,424.2008585345048,417.81524123684835,422.99563948795424,95143100
2023-10-16,423.8023986816406,424.8715327429623,421.4017188780287,421.64470254373396,75433200
2023-10-17,423.782958984375,425.84348547229143,420.313174633327,420.66305688946227,75324700
2023-10-18,418.1360168457031,422.9665334664685,417.04745473303933,422.0043276099341,93559800
2023-10-19,414.46209716796875,420.6727739909263,413.78176069076767,418.85526089082725,121323000
2023-10-20,409.3691101074219,414.5689658138026,409.2621818845611,414.02468484584267,123919900
2023-10-23,408.6596374511719,412.5376769009492,406.07428770501764,407.8334870607581,92035100
2023-10-24,411.7406921386719,412.89729677768196,408.931786683621,410.7881854768129,78564200
2023-10-25,405.831298828125,410.0786781386675,405.31617465313394,410.0495212857847,94223200
2023-10-26,400.9715881347656,405.61743411350494,400.04826810570256,404.7621566218401,115156800
2023-10-27,399.15411376953125,402.9641106372074,397.72536865178915,402.5656138725483,107367700
2023-10-30,403.92633056640625,404.9857358094935,400.65091543681416,401.9533043501809,86562700
2023-10-31,406.4631042480469,406.78382964883156,402.58506461745475,404.49977716687243,79665200
2023-11-01,410.79791259765625,411.6143341639396,406.9004450659712,407.4350269329694,98068100
2023-11-02,418.67059326171875,418.8261063702263,414.58845573140115,414.60788374705487,94938900
2023-11-03,422.490234375,424.0453355962821,420.8573914401437,420.98374767815443,100167800
2023-11-06,423.46221923828125,423.909300881896,421.5086210577569,423.2483924241886,67831700
2023-11-07,424.6673889160156,425.30886932835017,422.3153237318798,423.4621994716184,64256100
2023-11-08,424.9784240722656,425.7948456157836,422.66521486841896,425.2699926017036,61746000
2023-11-09,421.66412353515625,426.1641856948334,421.2364699177512,426.12530000386255,83174400
2023-11-10,428.2441101074219,428.5551363127825,421.6543943944366,423.74407761206675,89462200
2023-11-13,427.8359069824219,428.9438970364139,426.11559336599885,426.90285804309843,52236100
2023-11-14,436.1362609863281,437.4289210638544,433.57033918584983,433.79389484093616,97176900
2023-11-15,437.0595703125,438.71187109713105,436.20426306686005,437.47749509718125,77327600
2023-11-16,437.5941162109375,437.91484157114996,435.5433188253415,436.6124527945321,66665800
2023-11-17,438.1384582519531,438.7507818678595,436.6805561802118,437.60387636232514,83133200
2023-11-20,441.5110778808594,442.3566563462381,437.87602183807985,437.8857506768845,69936200
2023-11-21,440.548828125,441.38470738571004,439.2755960485925,440.4613575618605,49244600
2023-11-22,442.24969482421875,443.57154137515226,441.15143358240533,442.2108387941116,59394900
2023-11-24,442.5218505859375,442.71624938753706,441.9678703574549,442.2983245913,29737400
2023-11-27,441.7248840332031,442.70651789043535,441.33608643233896,441.89009631858715,50506000
2023-11-28,442.1622009277344,443.4645897337832,440.77234156692367,441.3360505846412,62115000
2023-11-29,441.8511657714844,445.45706442412455,441.45269869490653,444.31988791311386,63146000
2023-11-30,443.59100341796875,443.9409153434161,440.61688552658904,442.69684007944744,79752700
2023-12-01,446.2151794433594,446.74973160730747,442.3857547580481,442.97862062493266,89183400
2023-12-04,443.8728942871094,446.23468866913964,441.588841636113,442.81348894283775,72430900
2023-12-05,443.7853698730469,444.74757569096187,442.1039122401313,442.482980993305,69793500
2023-12-06,441.99700927734375,445.9624895836762,441.5596268220381,445.9333327307286,69124700
2023-12-07,445.3695983886719,446.02077795454375,443.4840429089197,444.0866376096692,66995400
2023-12-08,447.2843322753906,447.81888446185815,444.3782275382068,444.6212111977086,83194400
2023-12-11,449.0240783691406,449.1990491481444,446.5748137350945,446.78864054401777,65002200
2023-12-12,451.0748596191406,451.1720590126142,447.673088475197,448.67417993968536,68327600
2023-12-13,457.29522705078125,457.54793953708713,451.0942795875064,451.4538906419632,93278000
2023-12-14,458.76287841796875,460.4346071833905,456.0803293229431,459.2391168995005,119026000
2023-12-15,458.00750732421875,459.3444814019504,456.15335034862125,458.1636509343483,141553700
2023-12-18,460.5838623046875,461.56950587867277,458.5540548031128,459.61775529658735,70375300
2023-12-19,463.38458251953125,463.46266921411814,461.052256247002,461.1303131602408,55761800
2023-12-20,456.96337890625,464.41905073476056,456.5339913904281,462.5258502644597,102921000
2023-12-21,461.2962951660156,461.569539075906,457.5294007853641,459.95932090479425,86667500
2023-12-22,462.2232971191406,463.91157198973565,460.320358287861,462.4282225788341,67160400
2023-12-26,464.175048828125,465.0826056476979,462.5550923668575,462.6331790630877,55387000
2023-12-27,465.0143737792969,465.1607491259107,463.433460473163,463.9701800045311,68000300
2023-12-28,465.19000244140625,466.0292409103148,464.770383206952,465.37542113223043,77158100
2023-12-29,463.8432922363281,465.52179896448314,461.88177332887085,464.9948179571429,122283100
2024-01-02,461.2474365234375,462.2428483505155,459.13954238423355,460.7692671751978,123623700
2024-01-03,457.4805603027344,459.8226549132717,456.87552242132506,459.0809802037512,103585900
2024-01-04,456.0069885253906,459.59820232067887,455.78252649517907,457.0023705654277,84232200
2024-01-05,456.6315612792969,459.09075619444957,455.1774869016725,456.21191228687286,86118900
2024-01-08,463.150390625,463.2967659533917,457.00235880041123,457.1292273454669,74879100
2024-01-09,462.4477844238281,463.4724415596584,459.97882114615163,460.4862655726299,65931400
2024-01-10,465.0631103515625,465.9316536258223,462.4380035262674,462.7210156897323,67310600
2024-01-11,464.8581848144531,466.5854732987493,460.866858585486,466.0682606035861,77940700
2024-01-12,465.1802062988281,467.053899879707,463.76520505733885,466.31222516082903,58026400
2024-01-16,463.4724426269531,465.1119059605971,461.64756060638337,463.79449814902443,85014900
2024-01-17,460.8961486816406,461.3840863262476,458.53451737794865,460.437486104456,68843900
2024-01-18,464.994873046875,465.55112918822755,461.023082689691,462.5747210460787,91856200
2024-01-19,470.7914733886719,471.07448554013826,465.04358385174015,466.1267910466401,110834500
2024-01-22,471.7869567871094,473.5142454606471,471.13310718922804,472.3334446086135,75844900
2024-01-23,473.162841796875,473.40681060028834,471.2403962160722,472.3333716903482,49945300
2024-01-24,473.6801452636719,476.97857889434994,473.1824393105692,476.0417469073494,81765000
2024-01-25,476.2564392089844,476.5296831119091,473.680143807316,475.8172833950849,72525000
2024-01-26,475.6513977050781,477.32013617897184,474.80239093382255,475.8270481167824,76641600
2024-01-29,479.418212890625,479.5646180000114,475.4171482779632,475.963636023537,61322800
2024-01-30,479.04742431640625,479.7597942015554,478.2862130177268,478.72536880060346,58618400
2024-01-31,471.2306823730469,477.2810915278646,471.21114580645406,476.8321972165028,126011100
2024-02-01,477.398193359375,477.427468426182,472.12844308332853,472.93843623390336,91891600
2024-02-02,482.4239807128906,484.08295092354996,477.49579237271115,477.8373546982843,99228200
2024-02-05,480.6673583984375,482.45322684265506,478.4033503772612,481.7896387981956,75757100
2024-02-06,482.0628356933594,482.39462968324506,480.17937394824327,481.61391166467826,55918600
2024-02-07,486.0835266113281,486.50314587191764,483.40960785248996,484.3171945782859,70556500
2024-02-08,486.2981262207031,486.67870205411396,485.2637009137391,486.0834324901249,52343600
2024-02-09,489.1087341308594,489.5478601666735,486.46409050709747,486.80565283363205,63979400
2024-02-12,488.89398193359375,491.3531767842972,488.17181401431174,489.0794006092278,56502300
2024-02-13,482.16046142578125,485.097855647228,478.8815346699486,482.59961722906473,113099200
2024-02-14,486.5421447753906,487.0300824146668,482.4727317600331,484.8050879708214,68387800
2024-02-15,489.8991394042969,490.08455808264773,486.76655843722136,487.24475755676514,61683000
2024-02-16,487.45947265625,490.73839931554534,486.71779791035453,489.5966419107854,75532900
2024-02-20,484.7758483886719,486.386036759877,482.5215787127143,485.712680385879,71736700
2024-02-21,485.2149658203125,485.3711094473026,481.6530268123209,483.46817041739837,59293400
2024-02-22,495.2567138671875,496.22282088243315,490.88478180969435,491.85091860629063,76402500
2024-02-23,495.5982666015625,497.8232610473495,494.8663601420095,496.98399282076,61321800
2024-02-26,493.7830810546875,496.4765061265552,493.65621251415064,496.03735037567327,50386700
2024-02-27,494.7004699707031,494.9249320161117,492.5730689156793,494.47603770664597,48854500
2024-02-28,494.0466003417969,494.63210165101094,492.7779446820202,493.1390137498183,56506600
2024-02-29,495.82269287109375,497.4426493891131,493.15857245054144,495.8129543697353,83924800
2024-03-01,500.47760009765625,500.90698759184596,496.29111670133034,496.70099741172936,76844800
2024-03-04,499.94091796875,501.79510491460894,499.64816728327304,499.6774721331723,49799300
2024-03-05,494.9444885253906,498.37958906494924,492.7292620425741,497.93066492903137,72855600
2024-03-06,497.452392578125,499.71643023233077,496.15449164144957,498.2330808403037,68382400
2024-03-07,502.39031982421875,503.44428173979026,497.51094372229056,500.76062488372975,58652100
2024-03-08,499.3748779296875,505.71803719469176,498.7991151130881,503.02467157075245,86532500
2024-03-11,498.9455261230469,499.53105726392937,496.2325939589306,498.1648377894375,62557200
2024-03-12,504.3128662109375,504.89836756595776,498.5356415487977,501.0631847838215,73114400
2024-03-13,503.5223083496094,504.81047078670485,502.07803208500076,504.6348203947413,55104100
2024-03-14,502.5270080566406,504.6544091071824,499.4725135393552,504.4982357008347,110171800
2024-03-15,499.0763244628906,500.906906313764,497.4024012478183,499.44831403821377,107646300
2024-03-18,502.0423889160156,504.6071212896662,501.6312645749848,503.15835758943143,88893300
2024-03-19,504.8323974609375,505.1162591206256,500.33918584369417,501.3474892259076,60755300
2024-03-20,509.5016784667969,509.63873983527566,504.21561462485215,504.89106308633967,69594600
2024-03-21,511.18536376953125,513.0550502763369,510.9014424363148,512.3502657547417,60256100
2024-03-22,510.21630859375,511.5867430006875,509.9813206475284,511.0972893379752,79070800
2024-03-25,508.8067321777344,509.9618357712417,508.65007353074856,508.8360683316894,48512100
2024-03-26,507.866943359375,510.5785359636074,507.465617616324,510.23588252659715,65463700
2024-03-27,512.1349487304688,512.174143263585,508.53257680183424,510.7057822180554,82999800
2024-03-28,512.0370483398438,513.5445440719409,511.7531867321709,512.1741097012416,96294900
2024-04-01,511.146240234375,513.3194456399708,509.98133808737305,512.7810585421283,62477500
2024-04-02,507.8963317871094,508.0333334121318,505.5860649599207,507.3089515099197,74230300
2024-04-03,508.45428466796875,509.9618403568663,506.7509952902305,506.79992871244065,59155800
2024-04-04,502.248046875,512.8202352661735,501.94458795883435,512.4776415616462,96858100
2024-04-05,507.49493408203125,509.4625474298725,503.1681802920817,503.6087005524252,74546500
2024-04-08,507.7787780761719,509.20800427742034,506.9663280162004,508.19976080323164,48401800
2024-04-09,508.3661193847656,509.7659495801806,503.50091929161425,509.5212227680921,68049200
2024-04-10,503.27587890625,505.27282853748704,501.28872790887357,502.64936381684595,82652800
2024-04-11,507.07403564453125,508.52279948423035,501.2789205379683,504.80296329585076,70099000
2024-04-12,500.0747985839844,504.9399690444143,498.34211354923036,503.5205415143918,92561100
2024-04-15,493.8098449707031,504.43096625601453,492.95817044710765,504.26456872904316,92101400
2024-04-16,492.90924072265625,495.81659688850766,491.6170757880816,494.2895037381496,73484000
2024-04-17,489.9920959472656,495.54251414976056,488.59226550978076,495.37608674425394,75910300
2024-04-18,488.9837646484375,493.49654284422604,488.04402200338075,491.39189812009806,74548100
2024-04-19,484.7157897949219,489.90398704424035,483.44319225577453,488.9055122549044,102212600
2024-04-22,489.1795959472656,491.78349315664354,484.98007493251976,487.3294466640699,67961000
2024-04-23,494.9845275878906,495.4152492396772,488.9936189979829,491.1961606780303,64633600
2024-04-24,494.7496032714844,496.6682534521082,492.5176955463837,495.87534083094636,55928100
2024-04-25,492.8700866699219,493.6336332615344,486.9966421578613,488.6509980853357,69122400
2024-04-26,497.53948974609375,499.1253149704082,495.03348916650594,495.6697730082035,64306100
2024-04-29,499.3014831542969,499.976931619229,496.55075587636594,499.33084917999474,46415400
2024-04-30,491.3919372558594,498.8120420500729,491.3919372558594,497.83313467029427,77483600
2024-05-01,489.79632568359375,497.47095614792755,489.3264393749632,490.80459911500014,80242800
2024-05-02,494.3775939941406,495.2194698771777,489.0131707855575,493.516150718059,62550200
2024-05-03,500.50555419921875,501.73895716286734,497.83312634252997,500.37829146215523,72756700
2024-05-06,505.67413330078125,505.7132680822078,502.47308742336617,502.91360764238556,47264700
2024-05-07,506.2321472167969,507.63197751857143,505.5566987742017,506.6432715629709,52561300
2024-05-08,506.2811279296875,506.81951505793313,504.2743796801718,504.39184379005206,42047200
2024-05-09,509.1982116699219,509.23740620188596,505.8112305297066,506.4670817147218,43643700
2024-05-10,509.8540954589844,511.6161166184602,508.63046135549297,510.80360684436937,52233200
2024-05-13,509.92266845703125,511.64555517924214,508.7773634362912,511.53788969604665,36716400
2024-05-14,512.2622680664062,512.7811177054134,509.580071153197,510.1184583131571,57535900
2024-05-15,518.6055908203125,518.8992510906287,514.1025809336553,514.7388946424787,59504900
2024-05-16,517.53857421875,520.3088989892751,517.3917142043874,518.7034764563527,50244800
2024-05-17,518.2825317382812,518.3510624255979,516.1974542090975,517.6560166666146,59187600
2024-05-20,518.8796997070312,520.3480609362231,518.0084577049123,518.400044598472,37764200
2024-05-21,520.1522216796875,520.308880322423,517.9105452430766,518.1161373062547,33437000
2024-05-22,518.654541015625,520.1718355844711,516.4715368155097,519.4572522789621,48390000
2024-05-23,514.8661499023438,521.8261670726438,513.6522545564001,521.7185015997201,57211200
2024-05-24,518.272705078125,519.085214900637,515.766704674741,516.7162161167117,41291100
2024-05-28,518.6349487304688,519.3201958884637,515.991886691213,519.0852676623554,36269600
2024-05-29,515.003173828125,516.1876733248712,514.2885905251699,514.5920494378546,45190300
2024-05-30,511.5867919921875,514.1221884968515,510.3338215644908,513.456538621549,46377600
2024-05-31,516.2463989257812,516.373661669616,507.42643355259685,512.5461599640777,90785800
2024-06-03,516.667236328125,518.145395840209,511.57690666155213,517.8615342459523,46835700
2024-06-04,517.2448120117188,517.9887910753831,513.8871673409229,515.3555282041269,34632700
2024-06-05,523.3923950195312,523.411992286524,517.577682760377,519.5746920651516,47610400
2024-06-06,523.3826293945312,524.1266086139946,521.4444117684961,523.6958869473458,30808500
2024-06-07,522.746337890625,525.5655959158784,521.3073129777647,522.4036844600561,43224500
2024-06-10,524.3614501953125,524.684506328859,521.3366601422468,521.9337792468638,35686100
2024-06-11,525.624267578125,525.6829996240797,520.8275980833798,522.8050098767842,36383400
2024-06-12,529.9412841796875,532.6430781044711,528.9036447482033,530.2056082912144,63251300
2024-06-13,531.0083618164062,531.8698051580913,528.2087008298147,531.6936089856242,44760900
2024-06-14,531.3314208984375,531.3607570534568,528.4631694567662,529.4714728215465,40089900
2024-06-17,535.5601806640625,536.9600707352853,530.1859889386527,530.6461064563005,55839500
2024-06-18,536.9209594726562,537.0482222261405,535.1980727311192,535.6189957819628,41376400
2024-06-20,535.4623413085938,538.5165275797466,533.6807226924603,537.8508777255481,70328200
2024-06-21,534.7445068359375,535.8640759164524,533.2812387990208,534.636494014271,64338600
2024-06-24,533.0061645507812,537.1406814551851,532.8883214982557,534.5676749075179,45528700
2024-06-25,535.0587158203125,535.4220752279302,532.7115650972021,534.2337544994542,37936200
2024-06-26,535.7265625,536.4434511367156,533.291059231854,533.9391960904497,38550600
2024-06-27,536.571044921875,537.1504898569925,534.8426003010983,535.588979563753,35041500
2024-06-28,534.4596557617188,540.4110302137201,533.2124733406529,537.3469307192006,76144500
2024-07-01,535.5595703125,536.08986404863,532.7901386983468,535.8443476992247,40297800
2024-07-02,539.1636962890625,539.1636962890625,533.8998405072027,533.9489317855893,40434800
2024-07-03,541.5697631835938,541.9331225569125,538.8101620308024,538.8494230650359,32789900
2024-07-05,544.6928100585938,545.0954305299725,541.2359204016998,541.874286937383,41488400
2024-07-08,545.3213500976562,546.2739248445872,544.2508723475028,545.478454201086,36110500
2024-07-09,545.8516235351562,547.1872181563506,545.5570158893808,546.283734729133,27289700
2024-07-10,551.2529907226562,551.596689657151,546.7846048716298,547.079212521271,38701200
2024-07-11,546.499755859375,552.2448746370588,545.8614492888662,551.3708220113514,53054200
2024-07-12,549.9468383789062,553.5608321512885,547.1578059832891,547.6291782325719,53084400
2024-07-15,551.4592895507812,554.709924079379,549.5933410549901,551.9503223190923,40584300
2024-07-16,554.7294311523438,555.024038775581,552.0189211375351,552.7751306542716,36475300
2024-07-17,546.9515380859375,550.4575189607175,546.6274397017427,548.7781654504558,57119000
2024-07-18,542.7482299804688,549.4852440848026,540.5582433501387,548.4933484542273,56270400
2024-07-19,539.1441040039062,544.1428435386215,538.0834565302354,542.5125813182824,65509100
2024-07-22,544.70263671875,545.3115125146927,541.1377342686712,543.0822047176163,43346700
2024-07-23,543.8482055664062,546.7550807862475,543.3571728667828,544.5945249198012,34439600
2024-07-24,531.523193359375,539.3207943889454,530.6000495620024,539.0163565377113,74515300
2024-07-25,528.7538452148438,537.6415857024604,527.8111007222136,531.6411201045629,61158300
2024-07-26,534.6756591796875,537.3763388802067,531.7785544219373,532.5544244069231,53763800
2024-07-29,534.989990234375,537.2388985619386,532.9865383315928,536.2274023059714,39515800
2024-07-30,532.2794799804688,537.5237359172042,528.8619113563942,536.463088435743,46853600
2024-07-31,540.9314575195312,543.5732159258974,537.7594053591405,539.1342609978949,65663400
2024-08-01,533.2713012695312,544.9185816284977,529.7554906256498,542.6598433710025,76428700
2024-08-02,523.3426513671875,527.3592651002363,519.1197223906057,526.1415136511895,82789100
2024-08-05,508.1009826660156,514.1897999090543,501.1184823455798,502.4639370688634,146267400
2024-08-06,512.7855224609375,520.249196250666,508.58225336867037,509.9080178114113,84826300
2024-08-07,509.3580017089844,522.056159772471,508.75895621515167,518.9920606530759,70698300
2024-08-08,521.133056640625,521.7615329757872,512.4810623968182,514.513885136989,63276600
2024-08-09,523.4310302734375,524.9237888690128,519.0804877250338,520.3080694804698,45619600
2024-08-12,523.7060546875,526.1218973002085,521.4276556811567,524.6291985957554,42542100
2024-08-13,532.3187255859375,532.5544716398305,526.6620790433668,526.9075954015528,52333100
2024-08-14,533.998046875,535.1863675555963,530.4331447737245,533.1141640625877,42446900
2024-08-15,543.1510009765625,543.4357784074974,539.0361439240991,539.6450197699079,60846800
2024-08-16,544.3687133789062,545.066001447727,541.3734256554437,541.5305297582873,44430700
2024-08-19,549.5736083984375,549.5736083984375,543.926732304356,544.7811244137845,39121800
2024-08-20,548.6799926757812,550.7816271772597,547.3345677707505,549.1219341274782,33732300
2024-08-21,550.5654907226562,552.028758554174,544.7811112258051,549.7307591225532,41514600
2024-08-22,546.244384765625,553.0795814875313,545.0266332673548,552.4707057383962,56121500
2024-08-23,552.0484619140625,552.9912663344013,547.2952387130678,549.4951156938582,50639400
2024-08-26,550.7324829101562,553.7965224345438,549.023698553154,553.0796338099561,35788600
2024-08-27,551.4886474609375,551.9796801643517,548.3067651332959,549.4557648759409,32693900
2024-08-28,548.287109375,551.5770644805714,545.085566530633,551.1449533002178,41066000
2024-08-29,548.3362426757812,553.570668523791,547.1872428351764,550.2611126158587,38715200
2024-08-30,553.5706787109375,554.0813719563913,547.1479918630939,550.7128944546577,62700100
2024-09-03,542.1786499023438,550.7520611429293,539.6547347846964,550.4181325533738,60600100
2024-09-04,541.0689697265625,544.486538299349,539.6057018017893,540.3324206417021,47224900
2024-09-05,539.7529907226562,543.8678474559043,537.2879967926923,541.0100633006934,44264300
2024-09-06,530.6688232421875,541.70722829183,529.7653398948447,540.0770261689825,68493800
2024-09-09,536.6102905273438,537.8870234085998,532.947206027845,534.8819058967794,40445800
2024-09-10,538.9476318359375,539.3012209232795,533.6346845678008,538.525350920473,36394600
2024-09-11,544.4767456054688,545.3998895864479,530.276116631913,538.8593596356329,75248600
2024-09-12,549.0630493164062,549.3674872362873,542.8268971710025,545.056205128517,51819600
2024-09-13,551.9306030273438,552.9323289489466,549.4165179190511,549.6718645218532,39310500
2024-09-16,552.7457275390625,553.0108444429941,549.8584528057411,551.6654196124157,36656100
2024-09-17,552.9715576171875,556.4186166721934,550.7324197918623,554.9651191583721,49321000
2024-09-18,551.3316040039062,558.4908400284567,550.7718194675883,553.6296037419249,59044900
2024-09-19,560.7396850585938,562.6056333019461,557.8917313519955,560.769175792154,75315500
2024-09-20,559.7703857421875,560.8145656669737,556.7363296850394,559.3665303523799,77503100
2024-09-23,561.1692504882812,561.8194355024534,559.6226711356319,560.8442181055723,44116900
2024-09-24,562.7748413085938,562.8339435617671,559.1300420312542,561.9670704323123,46805700
2024-09-25,561.53369140625,563.3561212938423,560.4205487537844,562.6173129912877,38428600
2024-09-26,563.7598876953125,566.133958335646,561.3957375750533,565.8088658990283,48336000
2024-09-27,562.9423217773438,565.651285439919,561.908002221962,564.8337142422162,42100900
2024-09-30,565.1981811523438,565.8089245059994,559.6029471264981,561.9079952356186,63557400
2024-10-01,560.1348876953125,565.4937128909536,557.5539888818164,564.8435880512217,72668800
2024-10-02,560.3712768554688,561.3957961263619,556.8348816397765,559.2384735935616,38097800
2024-10-03,559.3468017578125,561.2972362765911,557.0515539848665,558.8936443913503,40846500
2024-10-04,564.4297485351562,564.8040828361078,559.6225649986515,563.8091448322295,42939100
2024-10-07,559.3270874023438,563.425044167477,558.1745633665616,562.7748592374886,49964700
2024-10-08,564.616943359375,565.2178864241666,561.0313063853904,561.9079798048728,37398700
2024-10-09,568.5277709960938,569.0892725126486,564.0062377966648,564.6071207773316,37912200
2024-10-10,567.5328369140625,568.9612116462271,565.9172950083815,567.1782233614125,44138100
2024-10-11,570.9313354492188,571.6701437051296,567.3160570940822,567.4539823983677,42268000
2024-10-14,575.6005859375,576.5364217400751,572.0641306807273,572.54680911459,36217200
2024-10-15,571.1283569335938,576.1719497636773,569.9068101256781,575.8665780927906,54203600
2024-10-16,573.6107788085938,574.1328988912752,570.320652695686,571.1284236895626,30725400
2024-10-17,573.6599731445312,577.3737353042621,573.4728059770134,577.1668473429936,34393700
2024-10-18,575.8665771484375,576.6546272535265,573.8865614270069,575.3543175241635,37416800
2024-10-21,574.9208984375,576.1226643625554,571.936084169767,575.1375866701346,36439000
2024-10-22,574.6155395507812,575.7779240387921,571.7194086656112,572.379393899403,34183800
2024-10-23,569.3649291992188,573.0294487290925,565.8481953426856,572.5861518334295,49314600
2024-10-24,570.5963745117188,571.4041454083431,567.9662339927139,571.325322360671,34979900
2024-10-25,570.3993530273438,575.7385172942365,569.4537169426869,572.832526139626,47268200
2024-10-28,572.1627197265625,574.0146706850179,571.8573480325817,573.8866057690544,30174700
2024-10-29,573.0886840820312,574.2116269876768,569.798498044357,571.1972915711463,42899700
2024-10-30,571.3549194335938,574.6155241758808,570.645632233565,572.615787609554,41435800
2024-10-31,560.1546020507812,567.0402856066526,559.957574484397,566.9713229521994,60182500
2024-11-01,562.5187377929688,566.9614477579651,562.1050220014198,562.7945884035815,45667500
2024-11-04,561.30712890625,563.9569903576214,559.4157965332372,562.6566805623088,38217000
2024-11-05,568.0942993164062,568.1336807780868,562.0065265842841,562.2232148100805,39478300
2024-11-06,582.2203369140625,583.0970705492409,576.6546836514896,580.4078275075276,68182000
2024-11-07,586.7221069335938,587.7466262080364,584.1510685994552,584.2298916492671,47233200
2024-11-08,589.263671875,590.6920466620936,587.2737955457643,587.2737955457643,46444900
2024-11-11,589.8251342773438,591.214067381988,588.0913879024889,590.8594538392326,37586800
2024-11-12,587.9928588867188,590.3471487178498,585.5005836337616,589.7462657959629,43006100
2024-11-13,588.278564453125,590.2881013518266,586.0818603831444,588.4558712273305,47388600
2024-11-14,584.4957885742188,588.8892564552813,583.8062823316938,588.406578035767,38904100
2024-11-15,577.0092163085938,581.3928237454572,575.1474051756758,580.9199456029655,75988800
2024-11-18,579.3734130859375,580.6933833970946,576.6053474416191,577.4721604131028,37001700
2024-11-19,581.4913940429688,582.2203419709091,575.3149973262474,575.9848429931217,49412000
2024-11-20,581.6883544921875,581.9740053669792,575.9059534750936,581.5701499836966,50032600
2024-11-21,584.8110961914062,586.2394709664421,578.6839413917952,584.5451660811236,46750300
2024-11-22,586.6236572265625,587.2541214128702,584.2988881794737,584.8012273246769,38226400
2024-11-25,588.613525390625,591.8937909448966,586.3182774428572,590.5738204551704,42441400
2024-11-26,591.68701171875,592.3568574158614,589.1454941294314,589.8645816922582,45621300
2024-11-27,589.89404296875,591.883858859544,588.3671846956962,591.4997242855515,34000200
2024-11-29,593.55859375,594.3466439350991,590.4359140778026,590.7117045866185,30177400
2024-12-02,594.6224365234375,595.3021425181648,593.4797127608734,593.9722515940274,31746000
2024-12-03,594.8982543945312,595.1445238224464,593.3517352966707,594.3860548690404,26906600
2024-12-04,598.5922241210938,598.8384935195138,595.9227023218134,596.5925478705923,42787600
2024-12-05,597.6072998046875,599.4001486999483,597.2526862098571,598.5923776510256,28762200
2024-12-06,598.7400512695312,599.9812587434141,597.9618615614095,598.3755773445807,31241500
2024-12-09,595.6567993164062,598.7893393078875,595.0657767234376,598.6218929272753,34742700
2024-12-10,593.8048095703125,596.7600425908593,593.1448243638806,596.3364664061719,37234500
2024-12-11,598.3953247070312,599.3508212217944,596.4645507592219,596.7404013764967,28677700
2024-12-12,595.3120727539062,598.0997995870548,595.3120727539062,597.5284977631196,31543800
2024-12-13,595.1937866210938,598.0701965149426,593.8146538658189,597.3511090725724,35904700
2024-12-16,597.7352905273438,598.7105679786196,596.1789110129041,596.9571007701239,43695200
2024-12-17,595.2726440429688,596.1395173197234,593.8935711931338,595.1741603124011,55773500
2024-12-18,577.5314331054688,597.360993618748,577.147238339165,594.9672618142333,108248700
2024-12-19,577.35400390625,584.1510639445604,577.1077344863745,582.5355221203287,85919500
2024-12-20,584.2886962890625,588.8352811272057,574.167498692669,575.0175627395107,125716700
2024-12-23,587.78759765625,588.3905030740785,580.8391639935026,584.0317152859687,57635800
2024-12-24,594.3207397460938,594.3603140779195,588.5583912679473,589.141569721849,33160100
2024-12-26,594.3604125976562,595.4871350336715,591.138241009476,592.5417425072483,41219100
2024-12-27,588.103759765625,590.8416278253472,583.9030892928905,590.6043628183209,64969300
2024-12-30,581.392578125,584.8717412480703,577.6268027117767,581.066451827259,56578800
2024-12-31,579.2774047851562,583.7844745956663,577.6366385699235,583.0629066605094,57052700
2025-01-02,577.8541870117188,584.268848917565,573.7622248829753,582.5490544849214,50204000
2025-01-03,585.079345703125,585.7217650639146,579.6233961313516,580.7106648081768,37888500
2025-01-06,588.44970703125,592.7393596690575,586.7101255067332,589.3491785436146,47679400
2025-01-07,581.7978515625,590.8119920606497,579.9693484070148,590.4858054370367,60393100
2025-01-08,582.6478881835938,583.7252632975457,578.4077031433151,581.8670792861259,47304700
2025-01-10,573.7522583007812,579.1489059430921,571.8347734163021,579.0797111920303,73105000
2025-01-13,574.6419067382812,574.9977137931114,568.6719735158341,569.0871420731995,47910100
2025-01-14,575.4325561523438,578.209938228887,571.637100270467,577.5773521941201,48420600
2025-01-15,585.8997192382812,587.0462287462195,582.3612548768964,583.4781439602939,56900200
2025-01-16,584.77294921875,587.4514560986999,584.0711683508569,587.2735525674167,43319700
2025-01-17,590.64404296875,592.4033515473359,588.6968769367569,590.0312439926065,58070600
2025-01-21,596.0504150390625,596.0603086218102,591.721248666258,593.6980347606263,42532900
2025-01-22,599.401123046875,600.7651103716523,598.3336415912388,598.887139322545,48196000
2025-01-23,602.6727294921875,602.6727294921875,598.4918457286775,598.7685644436611,41152100
2025-01-24,600.9132690429688,603.6907113133817,599.7568661133088,602.731938724249,34604700
2025-01-27,592.4132080078125,592.7295010606359,587.7381276298589,587.9061375768574,70361100
2025-01-28,597.5034790039062,598.3435890966371,590.3178411060637,593.6487213775014,44433300
2025-01-29,594.8248901367188,597.1179695261326,592.2649252873389,596.7126945442042,37177400
2025-01-30,598.017333984375,599.5592247930683,593.747468592595,596.9499128814751,39281300
2025-01-31,594.834716796875,602.8802507591868,594.0736348384409,600.4487821213708,66566900
2025-02-03,590.8317260742188,593.3224355096802,583.6361957953392,585.7908853805931,65857200
2025-02-04,594.795166015625,595.3090893513107,590.347397534179,590.8910016165671,33457800
2025-02-05,597.2068481445312,597.35513123978,591.6323569254649,593.668444292325,30653100
2025-02-06,599.2825927734375,599.4110887199739,595.6354193275449,598.9564061147885,35771500
2025-02-07,593.7969970703125,601.0715564826635,593.0853226024016,599.8459585772572,50788500
2025-02-10,597.82958984375,598.4720695404235,595.7440947156747,597.0191605249602,26048700
2025-02-11,598.2843017578125,598.8279059672569,595.4377244382205,595.5563267993089,30056700
2025-02-12,596.3568115234375,597.5330016568429,591.5631293989743,592.2451230112299,45076100
2025-02-13,602.6528930664062,602.8604773307252,596.1987176270893,597.4638293989674,40921300
2025-02-14,602.623291015625,603.8982964094444,602.0005985304107,602.8604957096632,26910400
2025-02-18,604.3924560546875,604.3924560546875,601.3185681498265,603.7895507730377,26749000
2025-02-19,605.8158569335938,606.1123628380831,602.4849765652367,602.9989603508419,31011100
2025-02-20,603.2953491210938,604.5802480088986,599.9743629821362,604.4418585047612,36554000
2025-02-21,592.9765625,603.216300601011,592.5119863702242,603.0779110877393,76519800
2025-02-24,590.2783203125,596.0307759330515,589.5666458438759,595.0324891561768,50737200
2025-02-25,587.3427124023438,590.9503713867966,582.7170398838512,590.2189701372146,58266500
2025-02-26,587.6392211914062,592.620761102799,584.9903348809851,589.013102100412,43321600
2025-02-27,578.2593994140625,591.0788899188873,577.8640783507352,589.9224264999975,74196700
2025-02-28,587.283447265625,587.8171578604871,575.6797210871997,578.7635029554216,88744100
2025-03-03,576.9942626953125,590.4067643806418,573.1691862018861,589.2601945949107,74249200
2025-03-04,570.1644897460938,578.5955127414016,565.608011549554,572.9814465763258,109648200
2025-03-05,576.29248046875,578.0913631561872,566.4283366011412,569.9964212260836,71230500
2025-03-06,566.0625610351562,573.4359340013885,563.5025966924571,568.8003685469913,80094900
2025-03-07,569.2353515625,570.6883208259039,559.0648080255879,564.2736590980126,81158800
2025-03-10,554.0734252929688,562.9293889302459,549.1413533370476,561.0020706313104,99326600
2025-03-11,549.467529296875,557.4735503902486,545.6128320238284,552.9071786453155,88102100
2025-03-12,552.38330078125,556.5740782812179,547.2634312637055,555.6449862636414,69588200
2025-03-13,545.0196533203125,552.6203979333899,543.299859145798,552.0075990971081,74079400
2025-03-14,556.2775268554688,557.2857071377122,545.0889095501292,549.655280917059,62660300
2025-03-17,560.5671997070312,563.097483760462,555.8228643209595,556.2577597204585,49008700
2025-03-18,554.50830078125,558.4618730708418,552.5710286417288,558.2443952250169,66041400
2025-03-19,560.5474243164062,564.3230934716701,555.111261871823,556.2973457432603,66556000
2025-03-20,558.9264526367188,563.9475069089323,556.0699818531248,556.7915499004863,62958200
2025-03-21,559.11083984375,560.0130172119408,553.2122577806573,554.4514658625183,83763000
2025-03-24,569.1236572265625,570.1844265679264,565.2771506364932,565.8719462913679,58766800
2025-03-25,570.49169921875,571.4334488408351,568.7369614238087,570.3330467188074,38355700
2025-03-26,563.6810913085938,571.3542581528293,562.293154038674,570.2240858480267,51848300
2025-03-27,562.18408203125,565.971108987233,560.062543386952,562.2831944691987,42164200
2025-03-28,550.8626708984375,561.3811152230641,550.2777985606353,560.6475137101825,71662700
2025-03-31,554.5604858398438,555.869096797962,542.1485586831927,545.0830251203251,95328200
2025-04-01,556.1268310546875,558.0798545049701,548.8997911229003,552.6372621541935,54609600
2025-04-02,559.646240234375,562.5211668014963,550.0200496625995,550.2579679431105,76014500
2025-04-03,532.06640625,543.2390654249921,532.06640625,540.4037717910755,125986000
2025-04-04,500.9176330566406,521.3298644038904,500.69953122991006,519.1488461365848,217965100
2025-04-07,500.025390625,518.653143533525,477.6403203280687,484.9665325599909,256611400
2025-04-08,492.1936340332031,520.4475480659574,484.93682423959376,517.3544895320528,165816600
2025-04-09,543.8834838867188,543.8834838867188,488.7932402716448,489.17988772825765,241867300
2025-04-10,520.0509643554688,528.8939350431352,504.92270453590345,527.5754008869551,162331200
2025-04-11,529.3301391601562,531.7986316335475,515.5798930426869,518.4945124649533,97866300
2025-04-14,534.4654541015625,539.580938661594,529.2508571038156,539.3528832417228,68034000
2025-04-15,532.968505859375,538.5399805011373,532.1754247962592,535.0107183382963,56892900
2025-04-16,521.1216430664062,533.2460954669957,515.7980102587055,527.0896882471153,83484800
2025-04-17,521.8651733398438,526.5840872057769,519.3867572764926,523.0845951885916,79868100
2025-04-21,509.4433898925781,517.1958826970866,504.070170487947,516.6605060954281,69368100
2025-04-22,522.6979370117188,524.7302260402327,514.7075262081219,515.6493363944684,75948100
2025-04-23,530.79736328125,540.7209502963145,529.2706808590098,535.7641184612734,90590700
2025-04-24,541.9701538085938,542.7037553366079,530.8272040401201,532.086198348384,64150400
2025-04-25,545.8860473632812,546.2924809922215,538.9960382976576,541.9305048307399,61119600
2025-04-28,546.09423828125,548.7709400601335,540.3146148774163,546.629614941954,47613800
2025-04-29,549.5342407226562,550.6544896169489,543.8140371215516,544.1709145104755,47775100
2025-04-30,549.7523193359375,551.7152660165827,536.8447695388113,542.8425243498715,93101500
2025-05-01,553.6483764648438,559.2000647311057,553.0436574695955,555.5319968692943,63186100
2025-05-02,561.8668212890625,563.4728299899488,557.52463168794,559.8543184862792,60717300
2025-05-05,558.6448364257812,561.7577411466406,556.850465833372,557.7129496783965,38659200
2025-05-06,553.9755859375,558.4862913932635,552.1515054692122,553.1131019265209,48264700
2025-05-07,556.3052978515625,558.9522292842823,551.239369394788,555.3139314189718,55588000
2025-05-08,560.1815795898438,565.386253970535,556.8506025081723,560.3600183076248,65130800
2025-05-09,559.4677124023438,562.6004034437263,557.9013366275524,561.5891904044281,37603400
2025-05-12,577.9567260742188,577.9666494201874,572.0580835025086,576.4498296839446,78993600
2025-05-13,581.7734985351562,583.9941496422729,577.8080328415324,578.3730584556538,67947200
2025-05-14,582.5170288085938,583.8949821637985,580.4846792150129,582.7351003798474,66283500
2025-05-15,585.3622436523438,585.8677897044162,580.0484736048338,580.5045239452851,71268100
2025-05-16,589.0698852539062,589.367283051199,584.1923798537092,586.1453424794305,76052100
2025-05-19,589.7142944335938,590.3983396880136,583.0225710566098,583.0225710566098,68168500
2025-05-20,587.7315673828125,588.9212192076606,584.5096264657933,587.9695461543464,60614500
2025-05-21,577.8278198242188,587.4639329373288,576.7968205254032,583.3596614167781,95197700
2025-05-22,578.055908203125,581.5554004178355,576.3903592673228,577.6295673689441,70860400
2025-05-23,574.1101684570312,576.7868697784111,570.6304627900578,571.0071868542327,76029000
2025-05-27,586.0463256835938,586.2049176986301,573.4361124467979,581.0101669642168,72588500
2025-05-28,582.6558227539062,587.6523487169525,581.9222212137981,586.4527734503207,68445500
2025-05-29,584.9557495117188,588.0785779673218,581.0101304856973,587.9397721452495,69973300
2025-05-30,584.301513671875,586.0264816938155,578.2045855174352,583.8454633007033,90601200
2025-06-02,587.5928344726562,587.6721002233023,580.008856873824,582.6855584091887,61630500
2025-06-03,590.943603515625,591.9250465362925,586.740159298439,587.2259796444896,63606200
2025-06-04,590.7850341796875,592.7876138828078,590.3488304970734,591.8061707239787,57314200
2025-06-05,587.9298706054688,593.8285131802699,585.9471376733143,592.4703459624005,92278700
2025-06-06,593.96728515625,595.6426968087642,591.7069406984755,593.4913881340742,66588700
2025-06-09,594.5026245117188,596.0590770966814,593.322896017802,594.5422573867003,53016400
2025-06-10,597.873291015625,598.2598779419187,593.9177485918233,595.0379370041686,66247000
2025-06-11,596.1681518554688,599.8362200559476,594.0962297274801,598.9737360301211,73658200
2025-06-12,598.5374755859375,598.5374755859375,594.3440149953893,594.8297748594797,64129000
2025-06-13,591.845703125,596.6538056556503,590.3388069302991,593.3327526303392,89506000
2025-06-16,597.4767456054688,599.2314836456252,595.0379622706928,595.2164614851225,79984100
2025-06-17,592.3712158203125,596.5547531382241,591.6078443016146,595.0280706090336,82209400
2025-06-18,592.281982421875,596.0293161899417,591.3203254879343,593.2733488854554,76605000
2025-06-20,590.8909912109375,596.0414436168163,589.4790454395113,594.9675856083323,94051400
2025-06-23,596.7274780273438,597.1152078061239,588.5145735944315,591.6465733053511,87426000
2025-06-24,603.3196411132812,604.3834856367664,599.9688039561656,600.8836010096178,67735300
2025-06-25,603.65771484375,605.1392079707367,602.086708265907,604.4431877891288,62114800
2025-06-26,608.380615234375,608.8181084243395,604.9005750782753,605.517034479532,78548400
2025-06-27,611.4032592773438,612.8748603878714,607.3465704310272,609.3848675360332,86258400
2025-06-30,614.3264770507812,615.6886593072754,611.5325044540273,613.8591865146053,92502500
2025-07-01,614.127685546875,615.3009489521946,612.0098276707645,612.8450033281383,70030100
2025-07-02,616.9117431640625,616.9514932068568,613.0936150077308,613.7200271324969,66510400
2025-07-03,621.7738647460938,622.7085065821568,618.8804257837007,618.9003311484321,51065800
2025-07-07,617.1403198242188,620.4712515380828,614.3463473867639,619.8050287830624,74814500
2025-07-08,616.8023681640625,618.5622329876766,615.9870371559156,617.8065573856337,59024600
2025-07-09,620.5010986328125,621.1573080723725,617.3690382262929,619.2184771119485,66113300
2025-07-10,622.2510375976562,623.2950374474425,619.4570650879599,620.6402811009391,57529000
2025-07-11,620.0636596679688,621.2965785748338,617.9856123550688,619.1886732139827,63670200
2025-07-14,621.246826171875,621.5948059142781,618.2539819137044,619.6062115300674,51898500
2025-07-15,618.592041015625,624.2793915612978,618.5124802515571,623.9413645164026,74317300
2025-07-16,620.66015625,621.1672575214722,614.5253596449445,620.1829130237127,88987500
2025-07-17,624.4583740234375,624.8163671275224,620.6204015046147,620.8391784397268,68885700
2025-07-18,624.0010375976562,625.8802131347736,622.8874296174818,625.7111996075373,65621600
2025-07-21,625.1842651367188,627.9384270926762,624.7567246264017,625.1842651367188,63375000
2025-07-22,625.2737426757812,626.1387764125508,622.6189860590433,625.5123643014988,60046300
2025-07-23,630.5932006835938,630.5932006835938,626.138708302101,627.9483363497261,70511000
2025-07-24,630.802001953125,632.5221773472229,630.3744614468128,630.9809681636451,71307100
2025-07-25,633.4667358398438,633.9440397736063,631.2196750953526,631.4682494008442,56865400
2025-07-28,633.3076782226562,634.4013808975731,631.9156378299562,633.8445768779104,54917100
2025-07-29,631.6372680664062,635.0277949185313,630.722531607152,634.7096125224674,60556300
2025-07-30,630.841796875,634.0434045947875,627.9384054781906,632.2934318863223,80418900
2025-07-31,628.475341796875,636.200989166749,627.1728149946817,635.8132594113927,103385200
2025-08-01,618.1743774414062,622.7680859762785,615.7582427178595,622.7282752516747,140103600
2025-08-04,627.570556640625,627.6202593639928,622.0124691896333,622.1019219542782,73218000
2025-08-05,624.3887939453125,629.0023475949919,623.464104816374,628.187016594973,68051400
2025-08-06,629.17138671875,629.8275961427472,624.5478806448895,625.462617040701,64357500
2025-08-07,628.6444091796875,633.3474155493337,625.5223013845391,632.6116453260242,74205800
2025-08-08,633.5462646484375,634.0136158764692,630.125879949944,630.4440623273716,64051600
2025-08-11,632.29345703125,635.3062066703783,631.0406328520911,633.824713555593,58742300
2025-08-12,639.0248413085938,639.1839021511607,633.1584638161933,634.6499095494731,64730800
2025-08-13,641.2123413085938,642.5049155421342,639.0149226306152,641.2321859855442,60092800
2025-08-14,641.27197265625,641.9381347685223,638.6768716045066,639.1242567818475,59327500
2025-08-15,639.7705688476562,642.4054806038605,638.8558324502803,642.3060144753327,68592500
2025-08-18,639.6314086914062,640.3274289037191,638.5178006265407,639.1939154739885,43804900
2025-08-19,636.1612548828125,640.4367204754008,634.8388226855677,639.4523760102862,69750700
2025-08-20,634.470947265625,636.0120957287904,629.3404006137462,635.7536294439067,88890300
2025-08-21,631.9255981445312,634.3317804706619,630.195530658508,632.6514763962614,54805800
2025-08-22,641.6299438476562,642.8131599802851,633.6159105915494,634.1230118894028,84083200
2025-08-25,638.8060913085938,641.6100166878209,638.686780499868,640.3671451910226,51274300
2025-08-26,641.4807739257812,641.8288143683822,637.9112808564007,638.5376929659955,51581600
2025-08-27,642.9423828125,643.6781530071313,640.7449642231398,640.8941330732226,48341100
2025-08-28,645.2192993164062,645.7761033013204,641.6597591604225,643.548887361664,61519500
2025-08-29,641.3713989257812,644.1455269630451,639.472317969575,643.777581165663,74522200
2025-09-02,636.6187133789062,636.8374296419402,631.2991867317828,633.8644906037873,81983500
2025-09-03,640.06884765625,640.5361988813526,636.8075845104526,639.0049424066366,70820900
2025-09-04,645.418212890625,645.4480709373178,639.8402199968853,640.7450037735979,65219200
2025-09-05,643.5488891601562,648.4905776412766,639.6612139364762,647.7646994415851,85178900
2025-09-08,645.1298828125,646.1341327155172,643.5389708468488,644.9210585487652,63133100
2025-09-09,646.6212768554688,647.148222783044,643.5289666240282,645.2689866211995,66133900
2025-09-10,648.4905395507812,650.817160801947,646.9195331255914,649.8924717726807,78034500
2025-09-11,653.8796997070312,654.5757199134183,649.8627606991871,650.4493620868353,69934400
2025-09-12,653.6608276367188,655.351144838518,653.1537870945498,653.8497465125743,72780100
2025-09-15,657.1409301757812,657.2701936656516,655.5799369896564,655.8782140097094,63772400
2025-09-16,656.2361450195312,658.0060231465056,655.450672087237,657.6977327581834,61169000
2025-09-17,655.4208374023438,657.9463305061431,650.5686620900484,656.2461210913638,101952200
2025-09-18,658.4832153320312,661.098221592467,656.504573788396,658.1153302554297,90459200
2025-09-19,661.74462890625,662.5921003065068,658.4244226642126,660.3786700487054,97945600
2025-09-22,664.8753662109375,665.3239917254978,660.2190812650523,660.2490220888672,69452200
2025-09-23,661.256103515625,665.3739407705357,660.0296859026699,664.7557113987294,81708900
2025-09-24,659.1522216796875,662.6518901422049,657.7264420940938,662.5522091075384,68082200
2025-09-25,656.1112670898438,657.4672457066506,652.4819765077987,656.0016057727498,89622100
2025-09-26,659.8701782226562,660.4185456623683,655.9417836675868,657.5669862915963,69179200
2025-09-29,661.7246704101562,663.3199930316334,659.9100251593522,662.4026597035332,73499000
2025-09-30,664.21728515625,664.6859320813617,659.6607420426623,660.976860345401,86288000
2025-10-01,666.4806518554688,667.3979243492374,661.1065170498754,661.2161783670498,72545400
2025-10-02,667.248291015625,668.5943501107935,664.8155382515555,668.4747085274895,56896000
2025-10-03,667.2384033203125,670.6981508367895,666.1914481336265,668.0160736487628,70494400
2025-10-06,669.6312866210938,670.5286593813627,667.4876574687494,669.6412668959266,54623300
2025-10-07,667.1486206054688,671.0072138668005,665.7028804529681,670.5585274945992,72020100
2025-10-08,671.1268920898438,671.2266339865188,667.4477610054765,668.2753327277967,60702200
2025-10-09,669.1826171875,671.9544560264949,667.2384109165724,671.5456907353398,66501900
2025-10-10,651.0960693359375,671.9643973425017,650.9166069608107,670.1497521868876,159422600
2025-10-13,661.0865478515625,663.170417127303,657.8262232173948,658.7036354539871,79560500
2025-10-14,660.2789306640625,663.8683609233883,651.2456255038628,655.2338407773344,88779600
2025-10-15,663.2102661132812,668.2553559603689,656.988660072404,664.855429242796,81702600
2025-10-16,658.6936645507812,666.7398963555108,655.1740352792065,664.8554499895176,110563300
2025-10-17,662.4326171875,663.7985760836355,656.2010306703355,657.5570092911896,96500900
2025-10-20,669.3222045898438,670.2295576279439,665.3041094156895,665.3539499346838,60493400
2025-10-21,669.3121948242188,671.0071983826805,668.0060568363804,669.4617772299453,56249000
2025-10-22,665.83251953125,670.0201576878661,661.3457774038759,670.0201576878661,80564000
2025-10-23,669.7808837890625,670.7280970890292,665.8325287543602,666.1515932793667,65604500
2025-10-24,675.2546997070312,676.4710761570719,673.6594379369009,674.4670490970213,74356500
2025-10-27,683.2211303710938,683.5202343374859,680.1103274099472,680.7185156175003,63339800
2025-10-28,685.0357666015625,686.8802917495992,682.8123561492805,685.0257863269245,61738100
2025-10-29,685.3648071289062,687.6679989086465,680.8581046045199,686.6908448301914,85657100
2025-10-30,677.8270874023438,683.919071384824,677.8270874023438,681.8851035842282,76335800
2025-10-31,680.050537109375,683.0616591685175,677.2388379885472,683.0217380676526,87164100
2025-11-03,681.3267822265625,683.7794956694769,677.9367749059246,683.6498738048132,57315000
2025-11-04,673.2506103515625,677.9567360174515,672.5925816080086,674.1180423048241,78427000
2025-11-05,675.583740234375,678.8540450990596,672.1837526501265,672.9913638051393,74402400
2025-11-06,668.3351440429688,675.384321857154,666.7498016918889,674.4769688014325,85035300
2025-11-07,668.9931640625,669.1028862313885,659.2619700189845,665.9421818455136,100592400
2025-11-10,679.432373046875,680.1701831536659,673.0412846911101,675.2447347362015,75842900
2025-11-11,680.9877319335938,681.5560598909952,676.7302928180768,677.9467300747958,58953400
